0FirstName,1LastName,2Country,3State,4Name,5account_id,6productRatePlan1Name,7date
John,Doe,japan,Georgia,iko顧客受入日,2c92c0fb5ceb14d1015cedc78b9f2307,一般会員向け,2017-07-01
John,Doe,japan,Georgia,iko顧客受入日,2c92c0fb5ceb14d1015cedc78b9f2307,一般会員向け,2017-08-01
John,Doe,japan,Georgia,iko顧客受入日,2c92c0fb5ceb14d1015cedc78b9f2307,一般会員向け,2017-09-01
John,Doe,japan,Georgia,iko顧客受入日,2c92c0fb5ceb14d1015cedc78b9f2307,一般会員向け,2017-10-01
John,Doe,japan,Georgia,iko顧客受入日,2c92c0fb5ceb14d1015cedc78b9f2307,一般会員向け,2017-11-01
John,Doe,japan,Georgia,iko顧客受入日,2c92c0fb5ceb14d1015cedc78b9f2307,一般会員向け,2017-12-01
John,Doe,japan,Georgia,iko顧客受入日,2c92c0fb5ceb14d1015cedc78b9f2307,一般会員向け,2017-07-01
John,Doe,japan,Georgia,iko顧客受入日,2c92c0fb5ceb14d1015cedc78b9f2307,一般会員向け,2017-08-01
John,Doe,japan,Georgia,iko顧客受入日,2c92c0fb5ceb14d1015cedc78b9f2307,一般会員向け,2017-09-01
John,Doe,japan,Georgia,iko顧客受入日,2c92c0fb5ceb14d1015cedc78b9f2307,一般会員向け,2017-10-01
John,Doe,japan,Georgia,iko顧客受入日,2c92c0fb5ceb14d1015cedc78b9f2307,一般会員向け,2017-11-01
John,Doe,japan,Georgia,iko顧客受入日,2c92c0fb5ceb14d1015cedc78b9f2307,一般会員向け,2017-12-01
John,Doe,japan,Georgia,iko顧客受入日,2c92c0fb5ceb14d1015cedc78b9f2307,一般会員向け,2017-07-01
John,Doe,japan,Georgia,iko顧客受入日,2c92c0fb5ceb14d1015cedc78b9f2307,一般会員向け,2017-08-01
John,Doe,japan,Georgia,iko顧客受入日,2c92c0fb5ceb14d1015cedc78b9f2307,一般会員向け,2017-09-01
John,Doe,japan,Georgia,iko顧客受入日,2c92c0fb5ceb14d1015cedc78b9f2307,一般会員向け,2017-10-01
John,Doe,japan,Georgia,iko顧客受入日,2c92c0fb5ceb14d1015cedc78b9f2307,一般会員向け,2017-11-01
John,Doe,japan,Georgia,iko顧客受入日,2c92c0fb5ceb14d1015cedc78b9f2307,一般会員向け,2017-12-01
John,Doe,japan,Georgia,iko顧客受入日,2c92c0fb5ceb14d1015cedc78b9f2307,一般会員向け,2017-07-01
John,Doe,japan,Georgia,iko顧客受入日,2c92c0fb5ceb14d1015cedc78b9f2307,一般会員向け,2017-08-01
John,Doe,japan,Georgia,iko顧客受入日,2c92c0fb5ceb14d1015cedc78b9f2307,一般会員向け,2017-09-01
John,Doe,japan,Georgia,iko顧客受入日,2c92c0fb5ceb14d1015cedc78b9f2307,一般会員向け,2017-10-01
John,Doe,japan,Georgia,iko顧客受入日,2c92c0fb5ceb14d1015cedc78b9f2307,一般会員向け,2017-11-01
John,Doe,japan,Georgia,iko顧客受入日,2c92c0fb5ceb14d1015cedc78b9f2307,一般会員向け,2017-12-01
John,Doe,japan,Georgia,iko顧客受入日,2c92c0fb5ceb14d1015cedc78b9f2307,一般会員向け,2017-07-01
John,Doe,japan,Georgia,iko顧客受入日,2c92c0fb5ceb14d1015cedc78b9f2307,一般会員向け,2017-08-01
John,Doe,japan,Georgia,iko顧客受入日,2c92c0fb5ceb14d1015cedc78b9f2307,一般会員向け,2017-09-01
John,Doe,japan,Georgia,iko顧客受入日,2c92c0fb5ceb14d1015cedc78b9f2307,一般会員向け,2017-10-01
John,Doe,japan,Georgia,iko顧客受入日,2c92c0fb5ceb14d1015cedc78b9f2307,一般会員向け,2017-11-01
John,Doe,japan,Georgia,iko顧客受入日,2c92c0fb5ceb14d1015cedc78b9f2307,一般会員向け,2017-12-01
John,Doe,japan,Georgia,iko顧客受入日,2c92c0fb5ceb14d1015cedc78b9f2307,一般会員向け,2017-07-01
John,Doe,japan,Georgia,iko顧客受入日,2c92c0fb5ceb14d1015cedc78b9f2307,一般会員向け,2017-08-01
John,Doe,japan,Georgia,iko顧客受入日,2c92c0fb5ceb14d1015cedc78b9f2307,一般会員向け,2017-09-01
John,Doe,japan,Georgia,iko顧客受入日,2c92c0fb5ceb14d1015cedc78b9f2307,一般会員向け,2017-10-01
John,Doe,japan,Georgia,iko顧客受入日,2c92c0fb5ceb14d1015cedc78b9f2307,一般会員向け,2017-11-01
John,Doe,japan,Georgia,iko顧客受入日,2c92c0fb5ceb14d1015cedc78b9f2307,一般会員向け,2017-12-01
John,Doe,japan,Georgia,iko顧客受入日,2c92c0fb5ceb14d1015cedc78b9f2307,一般会員向け,2017-07-01
John,Doe,japan,Georgia,iko顧客受入日,2c92c0fb5ceb14d1015cedc78b9f2307,一般会員向け,2017-08-01
John,Doe,japan,Georgia,iko顧客受入日,2c92c0fb5ceb14d1015cedc78b9f2307,一般会員向け,2017-09-01
John,Doe,japan,Georgia,iko顧客受入日,2c92c0fb5ceb14d1015cedc78b9f2307,一般会員向け,2017-10-01
John,Doe,japan,Georgia,iko顧客受入日,2c92c0fb5ceb14d1015cedc78b9f2307,一般会員向け,2017-11-01
John,Doe,japan,Georgia,iko顧客受入日,2c92c0fb5ceb14d1015cedc78b9f2307,一般会員向け,2017-12-01
John,Doe,japan,Georgia,iko顧客受入日,2c92c0fb5ceb14d1015cedc78b9f2307,一般会員向け,2017-07-01
John,Doe,japan,Georgia,iko顧客受入日,2c92c0fb5ceb14d1015cedc78b9f2307,一般会員向け,2017-08-01
John,Doe,japan,Georgia,iko顧客受入日,2c92c0fb5ceb14d1015cedc78b9f2307,一般会員向け,2017-09-01
John,Doe,japan,Georgia,iko顧客受入日,2c92c0fb5ceb14d1015cedc78b9f2307,一般会員向け,2017-10-01
John,Doe,japan,Georgia,iko顧客受入日,2c92c0fb5ceb14d1015cedc78b9f2307,一般会員向け,2017-11-01
John,Doe,japan,Georgia,iko顧客受入日,2c92c0fb5ceb14d1015cedc78b9f2307,一般会員向け,2017-12-01
John,Doe,japan,Georgia,iko顧客受入日,2c92c0fb5ceb14d1015cedc78b9f2307,一般会員向け,2017-07-01
John,Doe,japan,Georgia,iko顧客受入日,2c92c0fb5ceb14d1015cedc78b9f2307,一般会員向け,2017-08-01
John,Doe,japan,Georgia,iko顧客受入日,2c92c0fb5ceb14d1015cedc78b9f2307,一般会員向け,2017-09-01
John,Doe,japan,Georgia,iko顧客受入日,2c92c0fb5ceb14d1015cedc78b9f2307,一般会員向け,2017-10-01
John,Doe,japan,Georgia,iko顧客受入日,2c92c0fb5ceb14d1015cedc78b9f2307,一般会員向け,2017-11-01
John,Doe,japan,Georgia,iko顧客受入日,2c92c0fb5ceb14d1015cedc78b9f2307,一般会員向け,2017-12-01
John,Doe,japan,Georgia,iko顧客受入日,2c92c0fb5ceb14d1015cedc78b9f2307,一般会員向け,2017-07-01
John,Doe,japan,Georgia,iko顧客受入日,2c92c0fb5ceb14d1015cedc78b9f2307,一般会員向け,2017-08-01
John,Doe,japan,Georgia,iko顧客受入日,2c92c0fb5ceb14d1015cedc78b9f2307,一般会員向け,2017-09-01
John,Doe,japan,Georgia,iko顧客受入日,2c92c0fb5ceb14d1015cedc78b9f2307,一般会員向け,2017-10-01
John,Doe,japan,Georgia,iko顧客受入日,2c92c0fb5ceb14d1015cedc78b9f2307,一般会員向け,2017-11-01
John,Doe,japan,Georgia,iko顧客受入日,2c92c0fb5ceb14d1015cedc78b9f2307,一般会員向け,2017-12-01
John,Doe,japan,Georgia,iko顧客受入日,2c92c0fb5ceb14d1015cedc78b9f2307,一般会員向け,2017-07-01
John,Doe,japan,Georgia,iko顧客受入日,2c92c0fb5ceb14d1015cedc78b9f2307,一般会員向け,2017-08-01
John,Doe,japan,Georgia,iko顧客受入日,2c92c0fb5ceb14d1015cedc78b9f2307,一般会員向け,2017-09-01
John,Doe,japan,Georgia,iko顧客受入日,2c92c0fb5ceb14d1015cedc78b9f2307,一般会員向け,2017-10-01
John,Doe,japan,Georgia,iko顧客受入日,2c92c0fb5ceb14d1015cedc78b9f2307,一般会員向け,2017-11-01
John,Doe,japan,Georgia,iko顧客受入日,2c92c0fb5ceb14d1015cedc78b9f2307,一般会員向け,2017-12-01
John,Doe,japan,Georgia,iko顧客受入日,2c92c0fb5ceb14d1015cedc78b9f2307,一般会員向け,2017-07-01
John,Doe,japan,Georgia,iko顧客受入日,2c92c0fb5ceb14d1015cedc78b9f2307,一般会員向け,2017-08-01
John,Doe,japan,Georgia,iko顧客受入日,2c92c0fb5ceb14d1015cedc78b9f2307,一般会員向け,2017-09-01
John,Doe,japan,Georgia,iko顧客受入日,2c92c0fb5ceb14d1015cedc78b9f2307,一般会員向け,2017-10-01
John,Doe,japan,Georgia,iko顧客受入日,2c92c0fb5ceb14d1015cedc78b9f2307,一般会員向け,2017-11-01
John,Doe,japan,Georgia,iko顧客受入日,2c92c0fb5ceb14d1015cedc78b9f2307,一般会員向け,2017-12-01
John,Doe,japan,Georgia,iko顧客受入日,2c92c0fb5ceb14d1015cedc78b9f2307,一般会員向け,2017-07-01
John,Doe,japan,Georgia,iko顧客受入日,2c92c0fb5ceb14d1015cedc78b9f2307,一般会員向け,2017-08-01
John,Doe,japan,Georgia,iko顧客受入日,2c92c0fb5ceb14d1015cedc78b9f2307,一般会員向け,2017-09-01
John,Doe,japan,Georgia,iko顧客受入日,2c92c0fb5ceb14d1015cedc78b9f2307,一般会員向け,2017-10-01
John,Doe,japan,Georgia,iko顧客受入日,2c92c0fb5ceb14d1015cedc78b9f2307,一般会員向け,2017-11-01
John,Doe,japan,Georgia,iko顧客受入日,2c92c0fb5ceb14d1015cedc78b9f2307,一般会員向け,2017-12-01
John,Doe,japan,Georgia,iko顧客受入日,2c92c0fb5ceb14d1015cedc78b9f2307,一般会員向け,2017-07-01
John,Doe,japan,Georgia,iko顧客受入日,2c92c0fb5ceb14d1015cedc78b9f2307,一般会員向け,2017-08-01
John,Doe,japan,Georgia,iko顧客受入日,2c92c0fb5ceb14d1015cedc78b9f2307,一般会員向け,2017-09-01
John,Doe,japan,Georgia,iko顧客受入日,2c92c0fb5ceb14d1015cedc78b9f2307,一般会員向け,2017-10-01
John,Doe,japan,Georgia,iko顧客受入日,2c92c0fb5ceb14d1015cedc78b9f2307,一般会員向け,2017-11-01
John,Doe,japan,Georgia,iko顧客受入日,2c92c0fb5ceb14d1015cedc78b9f2307,一般会員向け,2017-12-01
John,Doe,japan,Georgia,iko顧客受入日,2c92c0fb5ceb14d1015cedc78b9f2307,一般会員向け,2017-07-01
John,Doe,japan,Georgia,iko顧客受入日,2c92c0fb5ceb14d1015cedc78b9f2307,一般会員向け,2017-08-01
John,Doe,japan,Georgia,iko顧客受入日,2c92c0fb5ceb14d1015cedc78b9f2307,一般会員向け,2017-09-01
John,Doe,japan,Georgia,iko顧客受入日,2c92c0fb5ceb14d1015cedc78b9f2307,一般会員向け,2017-10-01
John,Doe,japan,Georgia,iko顧客受入日,2c92c0fb5ceb14d1015cedc78b9f2307,一般会員向け,2017-11-01
John,Doe,japan,Georgia,iko顧客受入日,2c92c0fb5ceb14d1015cedc78b9f2307,一般会員向け,2017-12-01
John,Doe,japan,Georgia,iko顧客受入日,2c92c0fb5ceb14d1015cedc78b9f2307,一般会員向け,2017-07-01
John,Doe,japan,Georgia,iko顧客受入日,2c92c0fb5ceb14d1015cedc78b9f2307,一般会員向け,2017-08-01
John,Doe,japan,Georgia,iko顧客受入日,2c92c0fb5ceb14d1015cedc78b9f2307,一般会員向け,2017-09-01
John,Doe,japan,Georgia,iko顧客受入日,2c92c0fb5ceb14d1015cedc78b9f2307,一般会員向け,2017-10-01
John,Doe,japan,Georgia,iko顧客受入日,2c92c0fb5ceb14d1015cedc78b9f2307,一般会員向け,2017-11-01
John,Doe,japan,Georgia,iko顧客受入日,2c92c0fb5ceb14d1015cedc78b9f2307,一般会員向け,2017-12-01
John,Doe,japan,Georgia,iko顧客受入日,2c92c0fb5ceb14d1015cedc78b9f2307,一般会員向け,2017-07-01
John,Doe,japan,Georgia,iko顧客受入日,2c92c0fb5ceb14d1015cedc78b9f2307,一般会員向け,2017-08-01
John,Doe,japan,Georgia,iko顧客受入日,2c92c0fb5ceb14d1015cedc78b9f2307,一般会員向け,2017-09-01
John,Doe,japan,Georgia,iko顧客受入日,2c92c0fb5ceb14d1015cedc78b9f2307,一般会員向け,2017-10-01
John,Doe,japan,Georgia,iko顧客受入日,2c92c0fb5ceb14d1015cedc78b9f2307,一般会員向け,2017-07-01
John,Doe,japan,Georgia,iko顧客受入日,2c92c0fb5ceb14d1015cedc78b9f2307,一般会員向け,2017-08-01
John,Doe,japan,Georgia,iko顧客受入日,2c92c0fb5ceb14d1015cedc78b9f2307,一般会員向け,2017-09-01
John,Doe,japan,Georgia,iko顧客受入日,2c92c0fb5ceb14d1015cedc78b9f2307,一般会員向け,2017-10-01
John,Doe,japan,Georgia,iko顧客受入日,2c92c0fb5ceb14d1015cedc78b9f2307,一般会員向け,2017-11-01
John,Doe,japan,Georgia,iko顧客受入日,2c92c0fb5ceb14d1015cedc78b9f2307,一般会員向け,2017-12-01
John,Doe,japan,Georgia,iko顧客受入日,2c92c0fb5ceb14d1015cedc78b9f2307,一般会員向け,2017-07-01
John,Doe,japan,Georgia,iko顧客受入日,2c92c0fb5ceb14d1015cedc78b9f2307,一般会員向け,2017-08-01
John,Doe,japan,Georgia,iko顧客受入日,2c92c0fb5ceb14d1015cedc78b9f2307,一般会員向け,2017-09-01
John,Doe,japan,Georgia,iko顧客受入日,2c92c0fb5ceb14d1015cedc78b9f2307,一般会員向け,2017-10-01
John,Doe,japan,Georgia,iko顧客受入日,2c92c0fb5ceb14d1015cedc78b9f2307,一般会員向け,2017-11-01
John,Doe,japan,Georgia,iko顧客受入日,2c92c0fb5ceb14d1015cedc78b9f2307,一般会員向け,2017-12-01
John,Doe,japan,Georgia,iko顧客受入日,2c92c0fb5ceb14d1015cedc78b9f2307,一般会員向け,2017-07-01
John,Doe,japan,Georgia,iko顧客受入日,2c92c0fb5ceb14d1015cedc78b9f2307,一般会員向け,2017-08-01
John,Doe,japan,Georgia,iko顧客受入日,2c92c0fb5ceb14d1015cedc78b9f2307,一般会員向け,2017-09-01
John,Doe,japan,Georgia,iko顧客受入日,2c92c0fb5ceb14d1015cedc78b9f2307,一般会員向け,2017-10-01
John,Doe,japan,Georgia,iko顧客受入日,2c92c0fb5ceb14d1015cedc78b9f2307,一般会員向け,2017-11-01
John,Doe,japan,Georgia,iko顧客受入日,2c92c0fb5ceb14d1015cedc78b9f2307,一般会員向け,2017-12-01
John,Doe,japan,Georgia,iko顧客受入日,2c92c0fb5ceb14d1015cedc78b9f2307,一般会員向け,2017-07-01
John,Doe,japan,Georgia,iko顧客受入日,2c92c0fb5ceb14d1015cedc78b9f2307,一般会員向け,2017-08-01
John,Doe,japan,Georgia,iko顧客受入日,2c92c0fb5ceb14d1015cedc78b9f2307,一般会員向け,2017-09-01
John,Doe,japan,Georgia,iko顧客受入日,2c92c0fb5ceb14d1015cedc78b9f2307,一般会員向け,2017-10-01
John,Doe,japan,Georgia,iko顧客受入日,2c92c0fb5ceb14d1015cedc78b9f2307,一般会員向け,2017-11-01
John,Doe,japan,Georgia,iko顧客受入日,2c92c0fb5ceb14d1015cedc78b9f2307,一般会員向け,2017-12-01
John,Doe,japan,Georgia,iko顧客受入日,2c92c0fb5ceb14d1015cedc78b9f2307,一般会員向け,2017-07-01
John,Doe,japan,Georgia,iko顧客受入日,2c92c0fb5ceb14d1015cedc78b9f2307,一般会員向け,2017-08-01
John,Doe,japan,Georgia,iko顧客受入日,2c92c0fb5ceb14d1015cedc78b9f2307,一般会員向け,2017-09-01
John,Doe,japan,Georgia,iko顧客受入日,2c92c0fb5ceb14d1015cedc78b9f2307,一般会員向け,2017-10-01
John,Doe,japan,Georgia,iko顧客受入日,2c92c0fb5ceb14d1015cedc78b9f2307,一般会員向け,2017-11-01
John,Doe,japan,Georgia,iko顧客受入日,2c92c0fb5ceb14d1015cedc78b9f2307,一般会員向け,2017-12-01
John,Doe,japan,Georgia,iko顧客受入日,2c92c0fb5ceb14d1015cedc78b9f2307,一般会員向け,2017-07-01
John,Doe,japan,Georgia,iko顧客受入日,2c92c0fb5ceb14d1015cedc78b9f2307,一般会員向け,2017-08-01
John,Doe,japan,Georgia,iko顧客受入日,2c92c0fb5ceb14d1015cedc78b9f2307,一般会員向け,2017-09-01
John,Doe,japan,Georgia,iko顧客受入日,2c92c0fb5ceb14d1015cedc78b9f2307,一般会員向け,2017-10-01
John,Doe,japan,Georgia,iko顧客受入日,2c92c0fb5ceb14d1015cedc78b9f2307,一般会員向け,2017-11-01
John,Doe,japan,Georgia,iko顧客受入日,2c92c0fb5ceb14d1015cedc78b9f2307,一般会員向け,2017-12-01
John,Doe,japan,Georgia,iko顧客受入日,2c92c0fb5ceb14d1015cedc78b9f2307,一般会員向け,2017-07-01
John,Doe,japan,Georgia,iko顧客受入日,2c92c0fb5ceb14d1015cedc78b9f2307,一般会員向け,2017-08-01
John,Doe,japan,Georgia,iko顧客受入日,2c92c0fb5ceb14d1015cedc78b9f2307,一般会員向け,2017-09-01
John,Doe,japan,Georgia,iko顧客受入日,2c92c0fb5ceb14d1015cedc78b9f2307,一般会員向け,2017-10-01
John,Doe,japan,Georgia,iko顧客受入日,2c92c0fb5ceb14d1015cedc78b9f2307,一般会員向け,2017-11-01
John,Doe,japan,Georgia,iko顧客受入日,2c92c0fb5ceb14d1015cedc78b9f2307,一般会員向け,2017-12-01
John,Doe,japan,Georgia,iko顧客受入日,2c92c0fb5ceb14d1015cedc78b9f2307,一般会員向け,2017-07-01
John,Doe,japan,Georgia,iko顧客受入日,2c92c0fb5ceb14d1015cedc78b9f2307,一般会員向け,2017-08-01
John,Doe,japan,Georgia,iko顧客受入日,2c92c0fb5ceb14d1015cedc78b9f2307,一般会員向け,2017-09-01
John,Doe,japan,Georgia,iko顧客受入日,2c92c0fb5ceb14d1015cedc78b9f2307,一般会員向け,2017-10-01
John,Doe,japan,Georgia,iko顧客受入日,2c92c0fb5ceb14d1015cedc78b9f2307,一般会員向け,2017-11-01
John,Doe,japan,Georgia,iko顧客受入日,2c92c0fb5ceb14d1015cedc78b9f2307,一般会員向け,2017-12-01
John,Doe,japan,Georgia,iko顧客受入日,2c92c0fb5ceb14d1015cedc78b9f2307,一般会員向け,2017-07-01
John,Doe,japan,Georgia,iko顧客受入日,2c92c0fb5ceb14d1015cedc78b9f2307,一般会員向け,2017-08-01
John,Doe,japan,Georgia,iko顧客受入日,2c92c0fb5ceb14d1015cedc78b9f2307,一般会員向け,2017-09-01
John,Doe,japan,Georgia,iko顧客受入日,2c92c0fb5ceb14d1015cedc78b9f2307,一般会員向け,2017-10-01
John,Doe,japan,Georgia,iko顧客受入日,2c92c0fb5ceb14d1015cedc78b9f2307,一般会員向け,2017-11-01
John,Doe,japan,Georgia,iko顧客受入日,2c92c0fb5ceb14d1015cedc78b9f2307,一般会員向け,2017-12-01
John,Doe,japan,Georgia,iko顧客受入日,2c92c0fb5ceb14d1015cedc78b9f2307,一般会員向け,2017-07-01
John,Doe,japan,Georgia,iko顧客受入日,2c92c0fb5ceb14d1015cedc78b9f2307,一般会員向け,2017-08-01
John,Doe,japan,Georgia,iko顧客受入日,2c92c0fb5ceb14d1015cedc78b9f2307,一般会員向け,2017-09-01
John,Doe,japan,Georgia,iko顧客受入日,2c92c0fb5ceb14d1015cedc78b9f2307,一般会員向け,2017-10-01
John,Doe,japan,Georgia,iko顧客受入日,2c92c0fb5ceb14d1015cedc78b9f2307,一般会員向け,2017-11-01
John,Doe,japan,Georgia,iko顧客受入日,2c92c0fb5ceb14d1015cedc78b9f2307,一般会員向け,2017-12-01
John,Doe,japan,Georgia,iko顧客受入日,2c92c0fb5ceb14d1015cedc78b9f2307,一般会員向け,2017-07-01
John,Doe,japan,Georgia,iko顧客受入日,2c92c0fb5ceb14d1015cedc78b9f2307,一般会員向け,2017-08-01
John,Doe,japan,Georgia,iko顧客受入日,2c92c0fb5ceb14d1015cedc78b9f2307,一般会員向け,2017-09-01
John,Doe,japan,Georgia,iko顧客受入日,2c92c0fb5ceb14d1015cedc78b9f2307,一般会員向け,2017-10-01
John,Doe,japan,Georgia,iko顧客受入日,2c92c0fb5ceb14d1015cedc78b9f2307,一般会員向け,2017-11-01
John,Doe,japan,Georgia,iko顧客受入日,2c92c0fb5ceb14d1015cedc78b9f2307,一般会員向け,2017-12-01
John,Doe,japan,Georgia,iko顧客受入日,2c92c0fb5ceb14d1015cedc78b9f2307,一般会員向け,2017-07-01
John,Doe,japan,Georgia,iko顧客受入日,2c92c0fb5ceb14d1015cedc78b9f2307,一般会員向け,2017-08-01
John,Doe,japan,Georgia,iko顧客受入日,2c92c0fb5ceb14d1015cedc78b9f2307,一般会員向け,2017-09-01
John,Doe,japan,Georgia,iko顧客受入日,2c92c0fb5ceb14d1015cedc78b9f2307,一般会員向け,2017-10-01
John,Doe,japan,Georgia,iko顧客受入日,2c92c0fb5ceb14d1015cedc78b9f2307,一般会員向け,2017-11-01
John,Doe,japan,Georgia,iko顧客受入日,2c92c0fb5ceb14d1015cedc78b9f2307,一般会員向け,2017-12-01
John,Doe,japan,Georgia,iko顧客受入日,2c92c0fb5ceb14d1015cedc78b9f2307,一般会員向け,2017-07-01
John,Doe,japan,Georgia,iko顧客受入日,2c92c0fb5ceb14d1015cedc78b9f2307,一般会員向け,2017-08-01
John,Doe,japan,Georgia,iko顧客受入日,2c92c0fb5ceb14d1015cedc78b9f2307,一般会員向け,2017-09-01
John,Doe,japan,Georgia,iko顧客受入日,2c92c0fb5ceb14d1015cedc78b9f2307,一般会員向け,2017-10-01
John,Doe,japan,Georgia,iko顧客受入日,2c92c0fb5ceb14d1015cedc78b9f2307,一般会員向け,2017-11-01
John,Doe,japan,Georgia,iko顧客受入日,2c92c0fb5ceb14d1015cedc78b9f2307,一般会員向け,2017-12-01
John,Doe,japan,Georgia,iko顧客受入日,2c92c0fb5ceb14d1015cedc78b9f2307,一般会員向け,2017-07-01
John,Doe,japan,Georgia,iko顧客受入日,2c92c0fb5ceb14d1015cedc78b9f2307,一般会員向け,2017-08-01
John,Doe,japan,Georgia,iko顧客受入日,2c92c0fb5ceb14d1015cedc78b9f2307,一般会員向け,2017-09-01
John,Doe,japan,Georgia,iko顧客受入日,2c92c0fb5ceb14d1015cedc78b9f2307,一般会員向け,2017-10-01
John,Doe,japan,Georgia,iko顧客受入日,2c92c0fb5ceb14d1015cedc78b9f2307,一般会員向け,2017-11-01
John,Doe,japan,Georgia,iko顧客受入日,2c92c0fb5ceb14d1015cedc78b9f2307,一般会員向け,2017-12-01
John,Doe,japan,Georgia,iko顧客受入日,2c92c0fb5ceb14d1015cedc78b9f2307,一般会員向け,2017-07-01
John,Doe,japan,Georgia,iko顧客受入日,2c92c0fb5ceb14d1015cedc78b9f2307,一般会員向け,2017-08-01
John,Doe,japan,Georgia,iko顧客受入日,2c92c0fb5ceb14d1015cedc78b9f2307,一般会員向け,2017-09-01
John,Doe,japan,Georgia,iko顧客受入日,2c92c0fb5ceb14d1015cedc78b9f2307,一般会員向け,2017-10-01
John,Doe,japan,Georgia,iko顧客受入日,2c92c0fb5ceb14d1015cedc78b9f2307,一般会員向け,2017-11-01
John,Doe,japan,Georgia,iko顧客受入日,2c92c0fb5ceb14d1015cedc78b9f2307,一般会員向け,2017-12-01
John,Doe,japan,Georgia,iko顧客受入日,2c92c0fb5ceb14d1015cedc78b9f2307,一般会員向け,2017-07-01
John,Doe,japan,Georgia,iko顧客受入日,2c92c0fb5ceb14d1015cedc78b9f2307,一般会員向け,2017-08-01
John,Doe,japan,Georgia,iko顧客受入日,2c92c0fb5ceb14d1015cedc78b9f2307,一般会員向け,2017-09-01
John,Doe,japan,Georgia,iko顧客受入日,2c92c0fb5ceb14d1015cedc78b9f2307,一般会員向け,2017-10-01
John,Doe,japan,Georgia,iko顧客受入日,2c92c0fb5ceb14d1015cedc78b9f2307,一般会員向け,2017-11-01
John,Doe,japan,Georgia,iko顧客受入日,2c92c0fb5ceb14d1015cedc78b9f2307,一般会員向け,2017-12-01
John,Doe,japan,Georgia,iko顧客受入日,2c92c0fb5ceb14d1015cedc78b9f2307,一般会員向け,2017-07-01
John,Doe,japan,Georgia,iko顧客受入日,2c92c0fb5ceb14d1015cedc78b9f2307,一般会員向け,2017-08-01
John,Doe,japan,Georgia,iko顧客受入日,2c92c0fb5ceb14d1015cedc78b9f2307,一般会員向け,2017-09-01
John,Doe,japan,Georgia,iko顧客受入日,2c92c0fb5ceb14d1015cedc78b9f2307,一般会員向け,2017-10-01
John,Doe,japan,Georgia,iko顧客受入日,2c92c0fb5ceb14d1015cedc78b9f2307,一般会員向け,2017-07-01
John,Doe,japan,Georgia,iko顧客受入日,2c92c0fb5ceb14d1015cedc78b9f2307,一般会員向け,2017-08-01
John,Doe,japan,Georgia,iko顧客受入日,2c92c0fb5ceb14d1015cedc78b9f2307,一般会員向け,2017-09-01
John,Doe,japan,Georgia,iko顧客受入日,2c92c0fb5ceb14d1015cedc78b9f2307,一般会員向け,2017-10-01
John,Doe,japan,Georgia,iko顧客受入日,2c92c0fb5ceb14d1015cedc78b9f2307,一般会員向け,2017-11-01
John,Doe,japan,Georgia,iko顧客受入日,2c92c0fb5ceb14d1015cedc78b9f2307,一般会員向け,2017-12-01
John,Doe,japan,Georgia,iko顧客受入日,2c92c0fb5ceb14d1015cedc78b9f2307,一般会員向け,2017-07-01
John,Doe,japan,Georgia,iko顧客受入日,2c92c0fb5ceb14d1015cedc78b9f2307,一般会員向け,2017-08-01
John,Doe,japan,Georgia,iko顧客受入日,2c92c0fb5ceb14d1015cedc78b9f2307,一般会員向け,2017-09-01
John,Doe,japan,Georgia,iko顧客受入日,2c92c0fb5ceb14d1015cedc78b9f2307,一般会員向け,2017-10-01
John,Doe,japan,Georgia,iko顧客受入日,2c92c0fb5ceb14d1015cedc78b9f2307,一般会員向け,2017-11-01
John,Doe,japan,Georgia,iko顧客受入日,2c92c0fb5ceb14d1015cedc78b9f2307,一般会員向け,2017-12-01
John,Doe,japan,Georgia,iko顧客受入日,2c92c0fb5ceb14d1015cedc78b9f2307,一般会員向け,2017-07-01
John,Doe,japan,Georgia,iko顧客受入日,2c92c0fb5ceb14d1015cedc78b9f2307,一般会員向け,2017-08-01
John,Doe,japan,Georgia,iko顧客受入日,2c92c0fb5ceb14d1015cedc78b9f2307,一般会員向け,2017-09-01
John,Doe,japan,Georgia,iko顧客受入日,2c92c0fb5ceb14d1015cedc78b9f2307,一般会員向け,2017-10-01
John,Doe,japan,Georgia,iko顧客受入日,2c92c0fb5ceb14d1015cedc78b9f2307,一般会員向け,2017-11-01
John,Doe,japan,Georgia,iko顧客受入日,2c92c0fb5ceb14d1015cedc78b9f2307,一般会員向け,2017-12-01
John,Doe,japan,Georgia,iko顧客受入日,2c92c0fb5ceb14d1015cedc78b9f2307,一般会員向け,2017-07-01
John,Doe,japan,Georgia,iko顧客受入日,2c92c0fb5ceb14d1015cedc78b9f2307,一般会員向け,2017-08-01
John,Doe,japan,Georgia,iko顧客受入日,2c92c0fb5ceb14d1015cedc78b9f2307,一般会員向け,2017-09-01
John,Doe,japan,Georgia,iko顧客受入日,2c92c0fb5ceb14d1015cedc78b9f2307,一般会員向け,2017-10-01
John,Doe,japan,Georgia,iko顧客受入日,2c92c0fb5ceb14d1015cedc78b9f2307,一般会員向け,2017-11-01
John,Doe,japan,Georgia,iko顧客受入日,2c92c0fb5ceb14d1015cedc78b9f2307,一般会員向け,2017-12-01
John,Doe,japan,Georgia,iko顧客受入日,2c92c0fb5ceb14d1015cedc78b9f2307,一般会員向け,2017-07-01
John,Doe,japan,Georgia,iko顧客受入日,2c92c0fb5ceb14d1015cedc78b9f2307,一般会員向け,2017-08-01
John,Doe,japan,Georgia,iko顧客受入日,2c92c0fb5ceb14d1015cedc78b9f2307,一般会員向け,2017-09-01
John,Doe,japan,Georgia,iko顧客受入日,2c92c0fb5ceb14d1015cedc78b9f2307,一般会員向け,2017-10-01
John,Doe,japan,Georgia,iko顧客受入日,2c92c0fb5ceb14d1015cedc78b9f2307,一般会員向け,2017-11-01
John,Doe,japan,Georgia,iko顧客受入日,2c92c0fb5ceb14d1015cedc78b9f2307,一般会員向け,2017-12-01
John,Doe,japan,Georgia,iko顧客受入日,2c92c0fb5ceb14d1015cedc78b9f2307,一般会員向け,2017-07-01
John,Doe,japan,Georgia,iko顧客受入日,2c92c0fb5ceb14d1015cedc78b9f2307,一般会員向け,2017-08-01
John,Doe,japan,Georgia,iko顧客受入日,2c92c0fb5ceb14d1015cedc78b9f2307,一般会員向け,2017-09-01
John,Doe,japan,Georgia,iko顧客受入日,2c92c0fb5ceb14d1015cedc78b9f2307,一般会員向け,2017-10-01
John,Doe,japan,Georgia,iko顧客受入日,2c92c0fb5ceb14d1015cedc78b9f2307,一般会員向け,2017-11-01
John,Doe,japan,Georgia,iko顧客受入日,2c92c0fb5ceb14d1015cedc78b9f2307,一般会員向け,2017-12-01
John,Doe,japan,Georgia,iko顧客受入日,2c92c0fb5ceb14d1015cedc78b9f2307,一般会員向け,2017-07-01
John,Doe,japan,Georgia,iko顧客受入日,2c92c0fb5ceb14d1015cedc78b9f2307,一般会員向け,2017-08-01
John,Doe,japan,Georgia,iko顧客受入日,2c92c0fb5ceb14d1015cedc78b9f2307,一般会員向け,2017-09-01
John,Doe,japan,Georgia,iko顧客受入日,2c92c0fb5ceb14d1015cedc78b9f2307,一般会員向け,2017-10-01
John,Doe,japan,Georgia,iko顧客受入日,2c92c0fb5ceb14d1015cedc78b9f2307,一般会員向け,2017-11-01
John,Doe,japan,Georgia,iko顧客受入日,2c92c0fb5ceb14d1015cedc78b9f2307,一般会員向け,2017-12-01
John,Doe,japan,Georgia,iko顧客受入日,2c92c0fb5ceb14d1015cedc78b9f2307,一般会員向け,2017-07-01
John,Doe,japan,Georgia,iko顧客受入日,2c92c0fb5ceb14d1015cedc78b9f2307,一般会員向け,2017-08-01
John,Doe,japan,Georgia,iko顧客受入日,2c92c0fb5ceb14d1015cedc78b9f2307,一般会員向け,2017-09-01
John,Doe,japan,Georgia,iko顧客受入日,2c92c0fb5ceb14d1015cedc78b9f2307,一般会員向け,2017-10-01
John,Doe,japan,Georgia,iko顧客受入日,2c92c0fb5ceb14d1015cedc78b9f2307,一般会員向け,2017-11-01
John,Doe,japan,Georgia,iko顧客受入日,2c92c0fb5ceb14d1015cedc78b9f2307,一般会員向け,2017-12-01
John,Doe,japan,Georgia,iko顧客受入日,2c92c0fb5ceb14d1015cedc78b9f2307,一般会員向け,2017-07-01
John,Doe,japan,Georgia,iko顧客受入日,2c92c0fb5ceb14d1015cedc78b9f2307,一般会員向け,2017-08-01
John,Doe,japan,Georgia,iko顧客受入日,2c92c0fb5ceb14d1015cedc78b9f2307,一般会員向け,2017-09-01
John,Doe,japan,Georgia,iko顧客受入日,2c92c0fb5ceb14d1015cedc78b9f2307,一般会員向け,2017-10-01
John,Doe,japan,Georgia,iko顧客受入日,2c92c0fb5ceb14d1015cedc78b9f2307,一般会員向け,2017-11-01
John,Doe,japan,Georgia,iko顧客受入日,2c92c0fb5ceb14d1015cedc78b9f2307,一般会員向け,2017-12-01
John,Doe,japan,Georgia,iko顧客受入日,2c92c0fb5ceb14d1015cedc78b9f2307,一般会員向け,2017-07-01
John,Doe,japan,Georgia,iko顧客受入日,2c92c0fb5ceb14d1015cedc78b9f2307,一般会員向け,2017-08-01
John,Doe,japan,Georgia,iko顧客受入日,2c92c0fb5ceb14d1015cedc78b9f2307,一般会員向け,2017-09-01
John,Doe,japan,Georgia,iko顧客受入日,2c92c0fb5ceb14d1015cedc78b9f2307,一般会員向け,2017-10-01
John,Doe,japan,Georgia,iko顧客受入日,2c92c0fb5ceb14d1015cedc78b9f2307,一般会員向け,2017-11-01
John,Doe,japan,Georgia,iko顧客受入日,2c92c0fb5ceb14d1015cedc78b9f2307,一般会員向け,2017-12-01
John,Doe,japan,Georgia,iko顧客受入日,2c92c0fb5ceb14d1015cedc78b9f2307,一般会員向け,2017-07-01
John,Doe,japan,Georgia,iko顧客受入日,2c92c0fb5ceb14d1015cedc78b9f2307,一般会員向け,2017-08-01
John,Doe,japan,Georgia,iko顧客受入日,2c92c0fb5ceb14d1015cedc78b9f2307,一般会員向け,2017-09-01
John,Doe,japan,Georgia,iko顧客受入日,2c92c0fb5ceb14d1015cedc78b9f2307,一般会員向け,2017-10-01
John,Doe,japan,Georgia,iko顧客受入日,2c92c0fb5ceb14d1015cedc78b9f2307,一般会員向け,2017-11-01
John,Doe,japan,Georgia,iko顧客受入日,2c92c0fb5ceb14d1015cedc78b9f2307,一般会員向け,2017-12-01
John,Doe,japan,Georgia,iko顧客受入日,2c92c0fb5ceb14d1015cedc78b9f2307,一般会員向け,2017-07-01
John,Doe,japan,Georgia,iko顧客受入日,2c92c0fb5ceb14d1015cedc78b9f2307,一般会員向け,2017-08-01
John,Doe,japan,Georgia,iko顧客受入日,2c92c0fb5ceb14d1015cedc78b9f2307,一般会員向け,2017-09-01
John,Doe,japan,Georgia,iko顧客受入日,2c92c0fb5ceb14d1015cedc78b9f2307,一般会員向け,2017-10-01
John,Doe,japan,Georgia,iko顧客受入日,2c92c0fb5ceb14d1015cedc78b9f2307,一般会員向け,2017-11-01
John,Doe,japan,Georgia,iko顧客受入日,2c92c0fb5ceb14d1015cedc78b9f2307,一般会員向け,2017-12-01
John,Doe,japan,Georgia,iko顧客受入日,2c92c0fb5ceb14d1015cedc78b9f2307,一般会員向け,2017-07-01
John,Doe,japan,Georgia,iko顧客受入日,2c92c0fb5ceb14d1015cedc78b9f2307,一般会員向け,2017-08-01
John,Doe,japan,Georgia,iko顧客受入日,2c92c0fb5ceb14d1015cedc78b9f2307,一般会員向け,2017-09-01
John,Doe,japan,Georgia,iko顧客受入日,2c92c0fb5ceb14d1015cedc78b9f2307,一般会員向け,2017-10-01
John,Doe,japan,Georgia,iko顧客受入日,2c92c0fb5ceb14d1015cedc78b9f2307,一般会員向け,2017-11-01
John,Doe,japan,Georgia,iko顧客受入日,2c92c0fb5ceb14d1015cedc78b9f2307,一般会員向け,2017-12-01
John,Doe,japan,Georgia,iko顧客受入日,2c92c0fb5ceb14d1015cedc78b9f2307,一般会員向け,2017-07-01
John,Doe,japan,Georgia,iko顧客受入日,2c92c0fb5ceb14d1015cedc78b9f2307,一般会員向け,2017-08-01
John,Doe,japan,Georgia,iko顧客受入日,2c92c0fb5ceb14d1015cedc78b9f2307,一般会員向け,2017-09-01
John,Doe,japan,Georgia,iko顧客受入日,2c92c0fb5ceb14d1015cedc78b9f2307,一般会員向け,2017-10-01
John,Doe,japan,Georgia,iko顧客受入日,2c92c0fb5ceb14d1015cedc78b9f2307,一般会員向け,2017-11-01
John,Doe,japan,Georgia,iko顧客受入日,2c92c0fb5ceb14d1015cedc78b9f2307,一般会員向け,2017-12-01
John,Doe,japan,Georgia,iko顧客受入日,2c92c0fb5ceb14d1015cedc78b9f2307,一般会員向け,2017-07-01
John,Doe,japan,Georgia,iko顧客受入日,2c92c0fb5ceb14d1015cedc78b9f2307,一般会員向け,2017-08-01
John,Doe,japan,Georgia,iko顧客受入日,2c92c0fb5ceb14d1015cedc78b9f2307,一般会員向け,2017-09-01
John,Doe,japan,Georgia,iko顧客受入日,2c92c0fb5ceb14d1015cedc78b9f2307,一般会員向け,2017-10-01
John,Doe,japan,Georgia,iko顧客受入日,2c92c0fb5ceb14d1015cedc78b9f2307,一般会員向け,2017-11-01
John,Doe,japan,Georgia,iko顧客受入日,2c92c0fb5ceb14d1015cedc78b9f2307,一般会員向け,2017-12-01
John,Doe,japan,Georgia,iko顧客受入日,2c92c0fb5ceb14d1015cedc78b9f2307,一般会員向け,2017-07-01
John,Doe,japan,Georgia,iko顧客受入日,2c92c0fb5ceb14d1015cedc78b9f2307,一般会員向け,2017-08-01
John,Doe,japan,Georgia,iko顧客受入日,2c92c0fb5ceb14d1015cedc78b9f2307,一般会員向け,2017-09-01
John,Doe,japan,Georgia,iko顧客受入日,2c92c0fb5ceb14d1015cedc78b9f2307,一般会員向け,2017-10-01
John,Doe,japan,Georgia,iko顧客受入日,2c92c0fb5ceb14d1015cedc78b9f2307,一般会員向け,2017-11-01
John,Doe,japan,Georgia,iko顧客受入日,2c92c0fb5ceb14d1015cedc78b9f2307,一般会員向け,2017-12-01
John,Doe,japan,Georgia,iko顧客受入日,2c92c0fb5ceb14d1015cedc78b9f2307,一般会員向け,2017-07-01
John,Doe,japan,Georgia,iko顧客受入日,2c92c0fb5ceb14d1015cedc78b9f2307,一般会員向け,2017-08-01
John,Doe,japan,Georgia,iko顧客受入日,2c92c0fb5ceb14d1015cedc78b9f2307,一般会員向け,2017-09-01
John,Doe,japan,Georgia,iko顧客受入日,2c92c0fb5ceb14d1015cedc78b9f2307,一般会員向け,2017-10-01
John,Doe,japan,Georgia,iko顧客受入日,2c92c0fb5ceb14d1015cedc78b9f2307,一般会員向け,2017-07-01
John,Doe,japan,Georgia,iko顧客受入日,2c92c0fb5ceb14d1015cedc78b9f2307,一般会員向け,2017-08-01
John,Doe,japan,Georgia,iko顧客受入日,2c92c0fb5ceb14d1015cedc78b9f2307,一般会員向け,2017-09-01
John,Doe,japan,Georgia,iko顧客受入日,2c92c0fb5ceb14d1015cedc78b9f2307,一般会員向け,2017-10-01
John,Doe,japan,Georgia,iko顧客受入日,2c92c0fb5ceb14d1015cedc78b9f2307,一般会員向け,2017-11-01
John,Doe,japan,Georgia,iko顧客受入日,2c92c0fb5ceb14d1015cedc78b9f2307,一般会員向け,2017-12-01
John,Doe,japan,Georgia,iko顧客受入日,2c92c0fb5ceb14d1015cedc78b9f2307,一般会員向け,2017-07-01
John,Doe,japan,Georgia,iko顧客受入日,2c92c0fb5ceb14d1015cedc78b9f2307,一般会員向け,2017-08-01
John,Doe,japan,Georgia,iko顧客受入日,2c92c0fb5ceb14d1015cedc78b9f2307,一般会員向け,2017-09-01
John,Doe,japan,Georgia,iko顧客受入日,2c92c0fb5ceb14d1015cedc78b9f2307,一般会員向け,2017-10-01
John,Doe,japan,Georgia,iko顧客受入日,2c92c0fb5ceb14d1015cedc78b9f2307,一般会員向け,2017-11-01
John,Doe,japan,Georgia,iko顧客受入日,2c92c0fb5ceb14d1015cedc78b9f2307,一般会員向け,2017-12-01
John,Doe,japan,Georgia,iko顧客受入日,2c92c0fb5ceb14d1015cedc78b9f2307,一般会員向け,2017-07-01
John,Doe,japan,Georgia,iko顧客受入日,2c92c0fb5ceb14d1015cedc78b9f2307,一般会員向け,2017-08-01
John,Doe,japan,Georgia,iko顧客受入日,2c92c0fb5ceb14d1015cedc78b9f2307,一般会員向け,2017-09-01
John,Doe,japan,Georgia,iko顧客受入日,2c92c0fb5ceb14d1015cedc78b9f2307,一般会員向け,2017-10-01
John,Doe,japan,Georgia,iko顧客受入日,2c92c0fb5ceb14d1015cedc78b9f2307,一般会員向け,2017-11-01
John,Doe,japan,Georgia,iko顧客受入日,2c92c0fb5ceb14d1015cedc78b9f2307,一般会員向け,2017-12-01
John,Doe,japan,Georgia,iko顧客受入日,2c92c0fb5ceb14d1015cedc78b9f2307,一般会員向け,2017-07-01
John,Doe,japan,Georgia,iko顧客受入日,2c92c0fb5ceb14d1015cedc78b9f2307,一般会員向け,2017-08-01
John,Doe,japan,Georgia,iko顧客受入日,2c92c0fb5ceb14d1015cedc78b9f2307,一般会員向け,2017-09-01
John,Doe,japan,Georgia,iko顧客受入日,2c92c0fb5ceb14d1015cedc78b9f2307,一般会員向け,2017-10-01
John,Doe,japan,Georgia,iko顧客受入日,2c92c0fb5ceb14d1015cedc78b9f2307,一般会員向け,2017-11-01
John,Doe,japan,Georgia,iko顧客受入日,2c92c0fb5ceb14d1015cedc78b9f2307,一般会員向け,2017-12-01
John,Doe,japan,Georgia,iko顧客受入日,2c92c0fb5ceb14d1015cedc78b9f2307,一般会員向け,2017-07-01
John,Doe,japan,Georgia,iko顧客受入日,2c92c0fb5ceb14d1015cedc78b9f2307,一般会員向け,2017-08-01
John,Doe,japan,Georgia,iko顧客受入日,2c92c0fb5ceb14d1015cedc78b9f2307,一般会員向け,2017-09-01
John,Doe,japan,Georgia,iko顧客受入日,2c92c0fb5ceb14d1015cedc78b9f2307,一般会員向け,2017-10-01
John,Doe,japan,Georgia,iko顧客受入日,2c92c0fb5ceb14d1015cedc78b9f2307,一般会員向け,2017-11-01
John,Doe,japan,Georgia,iko顧客受入日,2c92c0fb5ceb14d1015cedc78b9f2307,一般会員向け,2017-12-01
John,Doe,japan,Georgia,iko顧客受入日,2c92c0fb5ceb14d1015cedc78b9f2307,一般会員向け,2017-07-01
John,Doe,japan,Georgia,iko顧客受入日,2c92c0fb5ceb14d1015cedc78b9f2307,一般会員向け,2017-08-01
John,Doe,japan,Georgia,iko顧客受入日,2c92c0fb5ceb14d1015cedc78b9f2307,一般会員向け,2017-09-01
John,Doe,japan,Georgia,iko顧客受入日,2c92c0fb5ceb14d1015cedc78b9f2307,一般会員向け,2017-10-01
John,Doe,japan,Georgia,iko顧客受入日,2c92c0fb5ceb14d1015cedc78b9f2307,一般会員向け,2017-11-01
John,Doe,japan,Georgia,iko顧客受入日,2c92c0fb5ceb14d1015cedc78b9f2307,一般会員向け,2017-12-01
John,Doe,japan,Georgia,iko顧客受入日,2c92c0fb5ceb14d1015cedc78b9f2307,一般会員向け,2017-07-01
John,Doe,japan,Georgia,iko顧客受入日,2c92c0fb5ceb14d1015cedc78b9f2307,一般会員向け,2017-08-01
John,Doe,japan,Georgia,iko顧客受入日,2c92c0fb5ceb14d1015cedc78b9f2307,一般会員向け,2017-09-01
John,Doe,japan,Georgia,iko顧客受入日,2c92c0fb5ceb14d1015cedc78b9f2307,一般会員向け,2017-10-01
John,Doe,japan,Georgia,iko顧客受入日,2c92c0fb5ceb14d1015cedc78b9f2307,一般会員向け,2017-11-01
John,Doe,japan,Georgia,iko顧客受入日,2c92c0fb5ceb14d1015cedc78b9f2307,一般会員向け,2017-12-01
John,Doe,japan,Georgia,iko顧客受入日,2c92c0fb5ceb14d1015cedc78b9f2307,一般会員向け,2017-07-01
John,Doe,japan,Georgia,iko顧客受入日,2c92c0fb5ceb14d1015cedc78b9f2307,一般会員向け,2017-08-01
John,Doe,japan,Georgia,iko顧客受入日,2c92c0fb5ceb14d1015cedc78b9f2307,一般会員向け,2017-09-01
John,Doe,japan,Georgia,iko顧客受入日,2c92c0fb5ceb14d1015cedc78b9f2307,一般会員向け,2017-10-01
John,Doe,japan,Georgia,iko顧客受入日,2c92c0fb5ceb14d1015cedc78b9f2307,一般会員向け,2017-11-01
John,Doe,japan,Georgia,iko顧客受入日,2c92c0fb5ceb14d1015cedc78b9f2307,一般会員向け,2017-12-01
John,Doe,japan,Georgia,iko顧客受入日,2c92c0fb5ceb14d1015cedc78b9f2307,一般会員向け,2017-07-01
John,Doe,japan,Georgia,iko顧客受入日,2c92c0fb5ceb14d1015cedc78b9f2307,一般会員向け,2017-08-01
John,Doe,japan,Georgia,iko顧客受入日,2c92c0fb5ceb14d1015cedc78b9f2307,一般会員向け,2017-09-01
John,Doe,japan,Georgia,iko顧客受入日,2c92c0fb5ceb14d1015cedc78b9f2307,一般会員向け,2017-10-01
John,Doe,japan,Georgia,iko顧客受入日,2c92c0fb5ceb14d1015cedc78b9f2307,一般会員向け,2017-11-01
John,Doe,japan,Georgia,iko顧客受入日,2c92c0fb5ceb14d1015cedc78b9f2307,一般会員向け,2017-12-01
John,Doe,japan,Georgia,iko顧客受入日,2c92c0fb5ceb14d1015cedc78b9f2307,一般会員向け,2017-07-01
John,Doe,japan,Georgia,iko顧客受入日,2c92c0fb5ceb14d1015cedc78b9f2307,一般会員向け,2017-08-01
John,Doe,japan,Georgia,iko顧客受入日,2c92c0fb5ceb14d1015cedc78b9f2307,一般会員向け,2017-09-01
John,Doe,japan,Georgia,iko顧客受入日,2c92c0fb5ceb14d1015cedc78b9f2307,一般会員向け,2017-10-01
John,Doe,japan,Georgia,iko顧客受入日,2c92c0fb5ceb14d1015cedc78b9f2307,一般会員向け,2017-11-01
John,Doe,japan,Georgia,iko顧客受入日,2c92c0fb5ceb14d1015cedc78b9f2307,一般会員向け,2017-12-01
John,Doe,japan,Georgia,iko顧客受入日,2c92c0fb5ceb14d1015cedc78b9f2307,一般会員向け,2017-07-01
John,Doe,japan,Georgia,iko顧客受入日,2c92c0fb5ceb14d1015cedc78b9f2307,一般会員向け,2017-08-01
John,Doe,japan,Georgia,iko顧客受入日,2c92c0fb5ceb14d1015cedc78b9f2307,一般会員向け,2017-09-01
John,Doe,japan,Georgia,iko顧客受入日,2c92c0fb5ceb14d1015cedc78b9f2307,一般会員向け,2017-10-01
John,Doe,japan,Georgia,iko顧客受入日,2c92c0fb5ceb14d1015cedc78b9f2307,一般会員向け,2017-11-01
John,Doe,japan,Georgia,iko顧客受入日,2c92c0fb5ceb14d1015cedc78b9f2307,一般会員向け,2017-12-01
John,Doe,japan,Georgia,iko顧客受入日,2c92c0fb5ceb14d1015cedc78b9f2307,一般会員向け,2017-07-01
John,Doe,japan,Georgia,iko顧客受入日,2c92c0fb5ceb14d1015cedc78b9f2307,一般会員向け,2017-08-01
John,Doe,japan,Georgia,iko顧客受入日,2c92c0fb5ceb14d1015cedc78b9f2307,一般会員向け,2017-09-01
John,Doe,japan,Georgia,iko顧客受入日,2c92c0fb5ceb14d1015cedc78b9f2307,一般会員向け,2017-10-01
John,Doe,japan,Georgia,iko顧客受入日,2c92c0fb5ceb14d1015cedc78b9f2307,一般会員向け,2017-11-01
John,Doe,japan,Georgia,iko顧客受入日,2c92c0fb5ceb14d1015cedc78b9f2307,一般会員向け,2017-12-01
John,Doe,japan,Georgia,iko顧客受入日,2c92c0fb5ceb14d1015cedc78b9f2307,一般会員向け,2017-07-01
John,Doe,japan,Georgia,iko顧客受入日,2c92c0fb5ceb14d1015cedc78b9f2307,一般会員向け,2017-08-01
John,Doe,japan,Georgia,iko顧客受入日,2c92c0fb5ceb14d1015cedc78b9f2307,一般会員向け,2017-09-01
John,Doe,japan,Georgia,iko顧客受入日,2c92c0fb5ceb14d1015cedc78b9f2307,一般会員向け,2017-10-01
John,Doe,japan,Georgia,iko顧客受入日,2c92c0fb5ceb14d1015cedc78b9f2307,一般会員向け,2017-11-01
John,Doe,japan,Georgia,iko顧客受入日,2c92c0fb5ceb14d1015cedc78b9f2307,一般会員向け,2017-12-01
John,Doe,japan,Georgia,iko顧客受入日,2c92c0fb5ceb14d1015cedc78b9f2307,一般会員向け,2017-07-01
John,Doe,japan,Georgia,iko顧客受入日,2c92c0fb5ceb14d1015cedc78b9f2307,一般会員向け,2017-08-01
John,Doe,japan,Georgia,iko顧客受入日,2c92c0fb5ceb14d1015cedc78b9f2307,一般会員向け,2017-09-01
John,Doe,japan,Georgia,iko顧客受入日,2c92c0fb5ceb14d1015cedc78b9f2307,一般会員向け,2017-10-01
John,Doe,japan,Georgia,iko顧客受入日,2c92c0fb5ceb14d1015cedc78b9f2307,一般会員向け,2017-11-01
John,Doe,japan,Georgia,iko顧客受入日,2c92c0fb5ceb14d1015cedc78b9f2307,一般会員向け,2017-12-01
John,Doe,japan,Georgia,iko顧客受入日,2c92c0fb5ceb14d1015cedc78b9f2307,一般会員向け,2017-07-01
John,Doe,japan,Georgia,iko顧客受入日,2c92c0fb5ceb14d1015cedc78b9f2307,一般会員向け,2017-08-01
John,Doe,japan,Georgia,iko顧客受入日,2c92c0fb5ceb14d1015cedc78b9f2307,一般会員向け,2017-09-01
John,Doe,japan,Georgia,iko顧客受入日,2c92c0fb5ceb14d1015cedc78b9f2307,一般会員向け,2017-10-01
John,Doe,japan,Georgia,iko顧客受入日,2c92c0fb5ceb14d1015cedc78b9f2307,一般会員向け,2017-11-01
John,Doe,japan,Georgia,iko顧客受入日,2c92c0fb5ceb14d1015cedc78b9f2307,一般会員向け,2017-12-01
John,Doe,japan,Georgia,iko顧客受入日,2c92c0fb5ceb14d1015cedc78b9f2307,一般会員向け,2017-07-01
John,Doe,japan,Georgia,iko顧客受入日,2c92c0fb5ceb14d1015cedc78b9f2307,一般会員向け,2017-08-01
John,Doe,japan,Georgia,iko顧客受入日,2c92c0fb5ceb14d1015cedc78b9f2307,一般会員向け,2017-09-01
John,Doe,japan,Georgia,iko顧客受入日,2c92c0fb5ceb14d1015cedc78b9f2307,一般会員向け,2017-10-01
John,Doe,japan,Georgia,iko顧客受入日,2c92c0fb5ceb14d1015cedc78b9f2307,一般会員向け,2017-11-01
John,Doe,japan,Georgia,iko顧客受入日,2c92c0fb5ceb14d1015cedc78b9f2307,一般会員向け,2017-12-01
John,Doe,japan,Georgia,iko顧客受入日,2c92c0fb5ceb14d1015cedc78b9f2307,一般会員向け,2017-07-01
John,Doe,japan,Georgia,iko顧客受入日,2c92c0fb5ceb14d1015cedc78b9f2307,一般会員向け,2017-08-01
John,Doe,japan,Georgia,iko顧客受入日,2c92c0fb5ceb14d1015cedc78b9f2307,一般会員向け,2017-09-01
John,Doe,japan,Georgia,iko顧客受入日,2c92c0fb5ceb14d1015cedc78b9f2307,一般会員向け,2017-10-01
John,Doe,japan,Georgia,iko顧客受入日,2c92c0fb5ceb14d1015cedc78b9f2307,一般会員向け,2017-07-01
John,Doe,japan,Georgia,iko顧客受入日,2c92c0fb5ceb14d1015cedc78b9f2307,一般会員向け,2017-08-01
John,Doe,japan,Georgia,iko顧客受入日,2c92c0fb5ceb14d1015cedc78b9f2307,一般会員向け,2017-09-01
John,Doe,japan,Georgia,iko顧客受入日,2c92c0fb5ceb14d1015cedc78b9f2307,一般会員向け,2017-10-01
John,Doe,japan,Georgia,iko顧客受入日,2c92c0fb5ceb14d1015cedc78b9f2307,一般会員向け,2017-11-01
John,Doe,japan,Georgia,iko顧客受入日,2c92c0fb5ceb14d1015cedc78b9f2307,一般会員向け,2017-12-01
John,Doe,japan,Georgia,iko顧客受入日,2c92c0fb5ceb14d1015cedc78b9f2307,一般会員向け,2017-07-01
John,Doe,japan,Georgia,iko顧客受入日,2c92c0fb5ceb14d1015cedc78b9f2307,一般会員向け,2017-08-01
John,Doe,japan,Georgia,iko顧客受入日,2c92c0fb5ceb14d1015cedc78b9f2307,一般会員向け,2017-09-01
John,Doe,japan,Georgia,iko顧客受入日,2c92c0fb5ceb14d1015cedc78b9f2307,一般会員向け,2017-10-01
John,Doe,japan,Georgia,iko顧客受入日,2c92c0fb5ceb14d1015cedc78b9f2307,一般会員向け,2017-11-01
John,Doe,japan,Georgia,iko顧客受入日,2c92c0fb5ceb14d1015cedc78b9f2307,一般会員向け,2017-12-01
John,Doe,japan,Georgia,iko顧客受入日,2c92c0fb5ceb14d1015cedc78b9f2307,一般会員向け,2017-07-01
John,Doe,japan,Georgia,iko顧客受入日,2c92c0fb5ceb14d1015cedc78b9f2307,一般会員向け,2017-08-01
John,Doe,japan,Georgia,iko顧客受入日,2c92c0fb5ceb14d1015cedc78b9f2307,一般会員向け,2017-09-01
John,Doe,japan,Georgia,iko顧客受入日,2c92c0fb5ceb14d1015cedc78b9f2307,一般会員向け,2017-10-01
John,Doe,japan,Georgia,iko顧客受入日,2c92c0fb5ceb14d1015cedc78b9f2307,一般会員向け,2017-11-01
John,Doe,japan,Georgia,iko顧客受入日,2c92c0fb5ceb14d1015cedc78b9f2307,一般会員向け,2017-12-01
John,Doe,japan,Georgia,iko顧客受入日,2c92c0fb5ceb14d1015cedc78b9f2307,一般会員向け,2017-07-01
John,Doe,japan,Georgia,iko顧客受入日,2c92c0fb5ceb14d1015cedc78b9f2307,一般会員向け,2017-08-01
John,Doe,japan,Georgia,iko顧客受入日,2c92c0fb5ceb14d1015cedc78b9f2307,一般会員向け,2017-09-01
John,Doe,japan,Georgia,iko顧客受入日,2c92c0fb5ceb14d1015cedc78b9f2307,一般会員向け,2017-10-01
John,Doe,japan,Georgia,iko顧客受入日,2c92c0fb5ceb14d1015cedc78b9f2307,一般会員向け,2017-11-01
John,Doe,japan,Georgia,iko顧客受入日,2c92c0fb5ceb14d1015cedc78b9f2307,一般会員向け,2017-12-01
John,Doe,japan,Georgia,iko顧客受入日,2c92c0fb5ceb14d1015cedc78b9f2307,一般会員向け,2017-07-01
John,Doe,japan,Georgia,iko顧客受入日,2c92c0fb5ceb14d1015cedc78b9f2307,一般会員向け,2017-08-01
John,Doe,japan,Georgia,iko顧客受入日,2c92c0fb5ceb14d1015cedc78b9f2307,一般会員向け,2017-09-01
John,Doe,japan,Georgia,iko顧客受入日,2c92c0fb5ceb14d1015cedc78b9f2307,一般会員向け,2017-10-01
John,Doe,japan,Georgia,iko顧客受入日,2c92c0fb5ceb14d1015cedc78b9f2307,一般会員向け,2017-11-01
John,Doe,japan,Georgia,iko顧客受入日,2c92c0fb5ceb14d1015cedc78b9f2307,一般会員向け,2017-12-01
John,Doe,japan,Georgia,iko顧客受入日,2c92c0fb5ceb14d1015cedc78b9f2307,一般会員向け,2017-07-01
John,Doe,japan,Georgia,iko顧客受入日,2c92c0fb5ceb14d1015cedc78b9f2307,一般会員向け,2017-08-01
John,Doe,japan,Georgia,iko顧客受入日,2c92c0fb5ceb14d1015cedc78b9f2307,一般会員向け,2017-09-01
John,Doe,japan,Georgia,iko顧客受入日,2c92c0fb5ceb14d1015cedc78b9f2307,一般会員向け,2017-10-01
John,Doe,japan,Georgia,iko顧客受入日,2c92c0fb5ceb14d1015cedc78b9f2307,一般会員向け,2017-11-01
John,Doe,japan,Georgia,iko顧客受入日,2c92c0fb5ceb14d1015cedc78b9f2307,一般会員向け,2017-12-01
John,Doe,japan,Georgia,iko顧客受入日,2c92c0fb5ceb14d1015cedc78b9f2307,一般会員向け,2017-07-01
John,Doe,japan,Georgia,iko顧客受入日,2c92c0fb5ceb14d1015cedc78b9f2307,一般会員向け,2017-08-01
John,Doe,japan,Georgia,iko顧客受入日,2c92c0fb5ceb14d1015cedc78b9f2307,一般会員向け,2017-09-01
John,Doe,japan,Georgia,iko顧客受入日,2c92c0fb5ceb14d1015cedc78b9f2307,一般会員向け,2017-10-01
John,Doe,japan,Georgia,iko顧客受入日,2c92c0fb5ceb14d1015cedc78b9f2307,一般会員向け,2017-11-01
John,Doe,japan,Georgia,iko顧客受入日,2c92c0fb5ceb14d1015cedc78b9f2307,一般会員向け,2017-12-01
John,Doe,japan,Georgia,iko顧客受入日,2c92c0fb5ceb14d1015cedc78b9f2307,一般会員向け,2017-07-01
John,Doe,japan,Georgia,iko顧客受入日,2c92c0fb5ceb14d1015cedc78b9f2307,一般会員向け,2017-08-01
John,Doe,japan,Georgia,iko顧客受入日,2c92c0fb5ceb14d1015cedc78b9f2307,一般会員向け,2017-09-01
John,Doe,japan,Georgia,iko顧客受入日,2c92c0fb5ceb14d1015cedc78b9f2307,一般会員向け,2017-10-01
John,Doe,japan,Georgia,iko顧客受入日,2c92c0fb5ceb14d1015cedc78b9f2307,一般会員向け,2017-11-01
John,Doe,japan,Georgia,iko顧客受入日,2c92c0fb5ceb14d1015cedc78b9f2307,一般会員向け,2017-12-01
John,Doe,japan,Georgia,iko顧客受入日,2c92c0fb5ceb14d1015cedc78b9f2307,一般会員向け,2017-07-01
John,Doe,japan,Georgia,iko顧客受入日,2c92c0fb5ceb14d1015cedc78b9f2307,一般会員向け,2017-08-01
John,Doe,japan,Georgia,iko顧客受入日,2c92c0fb5ceb14d1015cedc78b9f2307,一般会員向け,2017-09-01
John,Doe,japan,Georgia,iko顧客受入日,2c92c0fb5ceb14d1015cedc78b9f2307,一般会員向け,2017-10-01
John,Doe,japan,Georgia,iko顧客受入日,2c92c0fb5ceb14d1015cedc78b9f2307,一般会員向け,2017-11-01
John,Doe,japan,Georgia,iko顧客受入日,2c92c0fb5ceb14d1015cedc78b9f2307,一般会員向け,2017-12-01
John,Doe,japan,Georgia,iko顧客受入日,2c92c0fb5ceb14d1015cedc78b9f2307,一般会員向け,2017-07-01
John,Doe,japan,Georgia,iko顧客受入日,2c92c0fb5ceb14d1015cedc78b9f2307,一般会員向け,2017-08-01
John,Doe,japan,Georgia,iko顧客受入日,2c92c0fb5ceb14d1015cedc78b9f2307,一般会員向け,2017-09-01
John,Doe,japan,Georgia,iko顧客受入日,2c92c0fb5ceb14d1015cedc78b9f2307,一般会員向け,2017-10-01
John,Doe,japan,Georgia,iko顧客受入日,2c92c0fb5ceb14d1015cedc78b9f2307,一般会員向け,2017-11-01
John,Doe,japan,Georgia,iko顧客受入日,2c92c0fb5ceb14d1015cedc78b9f2307,一般会員向け,2017-12-01
John,Doe,japan,Georgia,iko顧客受入日,2c92c0fb5ceb14d1015cedc78b9f2307,一般会員向け,2017-07-01
John,Doe,japan,Georgia,iko顧客受入日,2c92c0fb5ceb14d1015cedc78b9f2307,一般会員向け,2017-08-01
John,Doe,japan,Georgia,iko顧客受入日,2c92c0fb5ceb14d1015cedc78b9f2307,一般会員向け,2017-09-01
John,Doe,japan,Georgia,iko顧客受入日,2c92c0fb5ceb14d1015cedc78b9f2307,一般会員向け,2017-10-01
John,Doe,japan,Georgia,iko顧客受入日,2c92c0fb5ceb14d1015cedc78b9f2307,一般会員向け,2017-11-01
John,Doe,japan,Georgia,iko顧客受入日,2c92c0fb5ceb14d1015cedc78b9f2307,一般会員向け,2017-12-01
John,Doe,japan,Georgia,iko顧客受入日,2c92c0fb5ceb14d1015cedc78b9f2307,一般会員向け,2017-07-01
John,Doe,japan,Georgia,iko顧客受入日,2c92c0fb5ceb14d1015cedc78b9f2307,一般会員向け,2017-08-01
John,Doe,japan,Georgia,iko顧客受入日,2c92c0fb5ceb14d1015cedc78b9f2307,一般会員向け,2017-09-01
John,Doe,japan,Georgia,iko顧客受入日,2c92c0fb5ceb14d1015cedc78b9f2307,一般会員向け,2017-10-01
John,Doe,japan,Georgia,iko顧客受入日,2c92c0fb5ceb14d1015cedc78b9f2307,一般会員向け,2017-11-01
John,Doe,japan,Georgia,iko顧客受入日,2c92c0fb5ceb14d1015cedc78b9f2307,一般会員向け,2017-12-01
John,Doe,japan,Georgia,iko顧客受入日,2c92c0fb5ceb14d1015cedc78b9f2307,一般会員向け,2017-07-01
John,Doe,japan,Georgia,iko顧客受入日,2c92c0fb5ceb14d1015cedc78b9f2307,一般会員向け,2017-08-01
John,Doe,japan,Georgia,iko顧客受入日,2c92c0fb5ceb14d1015cedc78b9f2307,一般会員向け,2017-09-01
John,Doe,japan,Georgia,iko顧客受入日,2c92c0fb5ceb14d1015cedc78b9f2307,一般会員向け,2017-10-01
John,Doe,japan,Georgia,iko顧客受入日,2c92c0fb5ceb14d1015cedc78b9f2307,一般会員向け,2017-11-01
John,Doe,japan,Georgia,iko顧客受入日,2c92c0fb5ceb14d1015cedc78b9f2307,一般会員向け,2017-12-01
John,Doe,japan,Georgia,iko顧客受入日,2c92c0fb5ceb14d1015cedc78b9f2307,一般会員向け,2017-07-01
John,Doe,japan,Georgia,iko顧客受入日,2c92c0fb5ceb14d1015cedc78b9f2307,一般会員向け,2017-08-01
John,Doe,japan,Georgia,iko顧客受入日,2c92c0fb5ceb14d1015cedc78b9f2307,一般会員向け,2017-09-01
John,Doe,japan,Georgia,iko顧客受入日,2c92c0fb5ceb14d1015cedc78b9f2307,一般会員向け,2017-10-01
John,Doe,japan,Georgia,iko顧客受入日,2c92c0fb5ceb14d1015cedc78b9f2307,一般会員向け,2017-11-01
John,Doe,japan,Georgia,iko顧客受入日,2c92c0fb5ceb14d1015cedc78b9f2307,一般会員向け,2017-12-01
John,Doe,japan,Georgia,iko顧客受入日,2c92c0fb5ceb14d1015cedc78b9f2307,一般会員向け,2017-07-01
John,Doe,japan,Georgia,iko顧客受入日,2c92c0fb5ceb14d1015cedc78b9f2307,一般会員向け,2017-08-01
John,Doe,japan,Georgia,iko顧客受入日,2c92c0fb5ceb14d1015cedc78b9f2307,一般会員向け,2017-09-01
John,Doe,japan,Georgia,iko顧客受入日,2c92c0fb5ceb14d1015cedc78b9f2307,一般会員向け,2017-10-01
John,Doe,japan,Georgia,iko顧客受入日,2c92c0fb5ceb14d1015cedc78b9f2307,一般会員向け,2017-11-01
John,Doe,japan,Georgia,iko顧客受入日,2c92c0fb5ceb14d1015cedc78b9f2307,一般会員向け,2017-12-01
John,Doe,japan,Georgia,iko顧客受入日,2c92c0fb5ceb14d1015cedc78b9f2307,一般会員向け,2017-07-01
John,Doe,japan,Georgia,iko顧客受入日,2c92c0fb5ceb14d1015cedc78b9f2307,一般会員向け,2017-08-01
John,Doe,japan,Georgia,iko顧客受入日,2c92c0fb5ceb14d1015cedc78b9f2307,一般会員向け,2017-09-01
John,Doe,japan,Georgia,iko顧客受入日,2c92c0fb5ceb14d1015cedc78b9f2307,一般会員向け,2017-10-01
John,Doe,japan,Georgia,iko顧客受入日,2c92c0fb5ceb14d1015cedc78b9f2307,一般会員向け,2017-11-01
John,Doe,japan,Georgia,iko顧客受入日,2c92c0fb5ceb14d1015cedc78b9f2307,一般会員向け,2017-12-01
John,Doe,japan,Georgia,iko顧客受入日,2c92c0fb5ceb14d1015cedc78b9f2307,一般会員向け,2017-07-01
John,Doe,japan,Georgia,iko顧客受入日,2c92c0fb5ceb14d1015cedc78b9f2307,一般会員向け,2017-08-01
John,Doe,japan,Georgia,iko顧客受入日,2c92c0fb5ceb14d1015cedc78b9f2307,一般会員向け,2017-09-01
John,Doe,japan,Georgia,iko顧客受入日,2c92c0fb5ceb14d1015cedc78b9f2307,一般会員向け,2017-10-01
John,Doe,japan,Georgia,iko顧客受入日,2c92c0fb5ceb14d1015cedc78b9f2307,一般会員向け,2017-07-01
John,Doe,japan,Georgia,iko顧客受入日,2c92c0fb5ceb14d1015cedc78b9f2307,一般会員向け,2017-08-01
John,Doe,japan,Georgia,iko顧客受入日,2c92c0fb5ceb14d1015cedc78b9f2307,一般会員向け,2017-09-01
John,Doe,japan,Georgia,iko顧客受入日,2c92c0fb5ceb14d1015cedc78b9f2307,一般会員向け,2017-10-01
John,Doe,japan,Georgia,iko顧客受入日,2c92c0fb5ceb14d1015cedc78b9f2307,一般会員向け,2017-11-01
John,Doe,japan,Georgia,iko顧客受入日,2c92c0fb5ceb14d1015cedc78b9f2307,一般会員向け,2017-12-01
John,Doe,japan,Georgia,iko顧客受入日,2c92c0fb5ceb14d1015cedc78b9f2307,一般会員向け,2017-07-01
John,Doe,japan,Georgia,iko顧客受入日,2c92c0fb5ceb14d1015cedc78b9f2307,一般会員向け,2017-08-01
John,Doe,japan,Georgia,iko顧客受入日,2c92c0fb5ceb14d1015cedc78b9f2307,一般会員向け,2017-09-01
John,Doe,japan,Georgia,iko顧客受入日,2c92c0fb5ceb14d1015cedc78b9f2307,一般会員向け,2017-10-01
John,Doe,japan,Georgia,iko顧客受入日,2c92c0fb5ceb14d1015cedc78b9f2307,一般会員向け,2017-11-01
John,Doe,japan,Georgia,iko顧客受入日,2c92c0fb5ceb14d1015cedc78b9f2307,一般会員向け,2017-12-01
John,Doe,japan,Georgia,iko顧客受入日,2c92c0fb5ceb14d1015cedc78b9f2307,一般会員向け,2017-07-01
John,Doe,japan,Georgia,iko顧客受入日,2c92c0fb5ceb14d1015cedc78b9f2307,一般会員向け,2017-08-01
John,Doe,japan,Georgia,iko顧客受入日,2c92c0fb5ceb14d1015cedc78b9f2307,一般会員向け,2017-09-01
John,Doe,japan,Georgia,iko顧客受入日,2c92c0fb5ceb14d1015cedc78b9f2307,一般会員向け,2017-10-01
John,Doe,japan,Georgia,iko顧客受入日,2c92c0fb5ceb14d1015cedc78b9f2307,一般会員向け,2017-11-01
John,Doe,japan,Georgia,iko顧客受入日,2c92c0fb5ceb14d1015cedc78b9f2307,一般会員向け,2017-12-01
John,Doe,japan,Georgia,iko顧客受入日,2c92c0fb5ceb14d1015cedc78b9f2307,一般会員向け,2017-07-01
John,Doe,japan,Georgia,iko顧客受入日,2c92c0fb5ceb14d1015cedc78b9f2307,一般会員向け,2017-08-01
John,Doe,japan,Georgia,iko顧客受入日,2c92c0fb5ceb14d1015cedc78b9f2307,一般会員向け,2017-09-01
John,Doe,japan,Georgia,iko顧客受入日,2c92c0fb5ceb14d1015cedc78b9f2307,一般会員向け,2017-10-01
John,Doe,japan,Georgia,iko顧客受入日,2c92c0fb5ceb14d1015cedc78b9f2307,一般会員向け,2017-11-01
John,Doe,japan,Georgia,iko顧客受入日,2c92c0fb5ceb14d1015cedc78b9f2307,一般会員向け,2017-12-01
John,Doe,japan,Georgia,iko顧客受入日,2c92c0fb5ceb14d1015cedc78b9f2307,一般会員向け,2017-07-01
John,Doe,japan,Georgia,iko顧客受入日,2c92c0fb5ceb14d1015cedc78b9f2307,一般会員向け,2017-08-01
John,Doe,japan,Georgia,iko顧客受入日,2c92c0fb5ceb14d1015cedc78b9f2307,一般会員向け,2017-09-01
John,Doe,japan,Georgia,iko顧客受入日,2c92c0fb5ceb14d1015cedc78b9f2307,一般会員向け,2017-10-01
John,Doe,japan,Georgia,iko顧客受入日,2c92c0fb5ceb14d1015cedc78b9f2307,一般会員向け,2017-11-01
John,Doe,japan,Georgia,iko顧客受入日,2c92c0fb5ceb14d1015cedc78b9f2307,一般会員向け,2017-12-01
John,Doe,japan,Georgia,iko顧客受入日,2c92c0fb5ceb14d1015cedc78b9f2307,一般会員向け,2017-07-01
John,Doe,japan,Georgia,iko顧客受入日,2c92c0fb5ceb14d1015cedc78b9f2307,一般会員向け,2017-08-01
John,Doe,japan,Georgia,iko顧客受入日,2c92c0fb5ceb14d1015cedc78b9f2307,一般会員向け,2017-09-01
John,Doe,japan,Georgia,iko顧客受入日,2c92c0fb5ceb14d1015cedc78b9f2307,一般会員向け,2017-10-01
John,Doe,japan,Georgia,iko顧客受入日,2c92c0fb5ceb14d1015cedc78b9f2307,一般会員向け,2017-11-01
John,Doe,japan,Georgia,iko顧客受入日,2c92c0fb5ceb14d1015cedc78b9f2307,一般会員向け,2017-12-01
John,Doe,japan,Georgia,iko顧客受入日,2c92c0fb5ceb14d1015cedc78b9f2307,一般会員向け,2017-07-01
John,Doe,japan,Georgia,iko顧客受入日,2c92c0fb5ceb14d1015cedc78b9f2307,一般会員向け,2017-08-01
John,Doe,japan,Georgia,iko顧客受入日,2c92c0fb5ceb14d1015cedc78b9f2307,一般会員向け,2017-09-01
John,Doe,japan,Georgia,iko顧客受入日,2c92c0fb5ceb14d1015cedc78b9f2307,一般会員向け,2017-10-01
John,Doe,japan,Georgia,iko顧客受入日,2c92c0fb5ceb14d1015cedc78b9f2307,一般会員向け,2017-11-01
John,Doe,japan,Georgia,iko顧客受入日,2c92c0fb5ceb14d1015cedc78b9f2307,一般会員向け,2017-12-01
John,Doe,japan,Georgia,iko顧客受入日,2c92c0fb5ceb14d1015cedc78b9f2307,一般会員向け,2017-07-01
John,Doe,japan,Georgia,iko顧客受入日,2c92c0fb5ceb14d1015cedc78b9f2307,一般会員向け,2017-08-01
John,Doe,japan,Georgia,iko顧客受入日,2c92c0fb5ceb14d1015cedc78b9f2307,一般会員向け,2017-09-01
John,Doe,japan,Georgia,iko顧客受入日,2c92c0fb5ceb14d1015cedc78b9f2307,一般会員向け,2017-10-01
John,Doe,japan,Georgia,iko顧客受入日,2c92c0fb5ceb14d1015cedc78b9f2307,一般会員向け,2017-11-01
John,Doe,japan,Georgia,iko顧客受入日,2c92c0fb5ceb14d1015cedc78b9f2307,一般会員向け,2017-12-01
John,Doe,japan,Georgia,iko顧客受入日,2c92c0fb5ceb14d1015cedc78b9f2307,一般会員向け,2017-07-01
John,Doe,japan,Georgia,iko顧客受入日,2c92c0fb5ceb14d1015cedc78b9f2307,一般会員向け,2017-08-01
John,Doe,japan,Georgia,iko顧客受入日,2c92c0fb5ceb14d1015cedc78b9f2307,一般会員向け,2017-09-01
John,Doe,japan,Georgia,iko顧客受入日,2c92c0fb5ceb14d1015cedc78b9f2307,一般会員向け,2017-10-01
John,Doe,japan,Georgia,iko顧客受入日,2c92c0fb5ceb14d1015cedc78b9f2307,一般会員向け,2017-11-01
John,Doe,japan,Georgia,iko顧客受入日,2c92c0fb5ceb14d1015cedc78b9f2307,一般会員向け,2017-12-01
John,Doe,japan,Georgia,iko顧客受入日,2c92c0fb5ceb14d1015cedc78b9f2307,一般会員向け,2017-07-01
John,Doe,japan,Georgia,iko顧客受入日,2c92c0fb5ceb14d1015cedc78b9f2307,一般会員向け,2017-08-01
John,Doe,japan,Georgia,iko顧客受入日,2c92c0fb5ceb14d1015cedc78b9f2307,一般会員向け,2017-09-01
John,Doe,japan,Georgia,iko顧客受入日,2c92c0fb5ceb14d1015cedc78b9f2307,一般会員向け,2017-10-01
John,Doe,japan,Georgia,iko顧客受入日,2c92c0fb5ceb14d1015cedc78b9f2307,一般会員向け,2017-11-01
John,Doe,japan,Georgia,iko顧客受入日,2c92c0fb5ceb14d1015cedc78b9f2307,一般会員向け,2017-12-01
John,Doe,japan,Georgia,iko顧客受入日,2c92c0fb5ceb14d1015cedc78b9f2307,一般会員向け,2017-07-01
John,Doe,japan,Georgia,iko顧客受入日,2c92c0fb5ceb14d1015cedc78b9f2307,一般会員向け,2017-08-01
John,Doe,japan,Georgia,iko顧客受入日,2c92c0fb5ceb14d1015cedc78b9f2307,一般会員向け,2017-09-01
John,Doe,japan,Georgia,iko顧客受入日,2c92c0fb5ceb14d1015cedc78b9f2307,一般会員向け,2017-10-01
John,Doe,japan,Georgia,iko顧客受入日,2c92c0fb5ceb14d1015cedc78b9f2307,一般会員向け,2017-11-01
John,Doe,japan,Georgia,iko顧客受入日,2c92c0fb5ceb14d1015cedc78b9f2307,一般会員向け,2017-12-01
John,Doe,japan,Georgia,iko顧客受入日,2c92c0fb5ceb14d1015cedc78b9f2307,一般会員向け,2017-07-01
John,Doe,japan,Georgia,iko顧客受入日,2c92c0fb5ceb14d1015cedc78b9f2307,一般会員向け,2017-08-01
John,Doe,japan,Georgia,iko顧客受入日,2c92c0fb5ceb14d1015cedc78b9f2307,一般会員向け,2017-09-01
John,Doe,japan,Georgia,iko顧客受入日,2c92c0fb5ceb14d1015cedc78b9f2307,一般会員向け,2017-10-01
John,Doe,japan,Georgia,iko顧客受入日,2c92c0fb5ceb14d1015cedc78b9f2307,一般会員向け,2017-11-01
John,Doe,japan,Georgia,iko顧客受入日,2c92c0fb5ceb14d1015cedc78b9f2307,一般会員向け,2017-12-01
John,Doe,japan,Georgia,iko顧客受入日,2c92c0fb5ceb14d1015cedc78b9f2307,一般会員向け,2017-07-01
John,Doe,japan,Georgia,iko顧客受入日,2c92c0fb5ceb14d1015cedc78b9f2307,一般会員向け,2017-08-01
John,Doe,japan,Georgia,iko顧客受入日,2c92c0fb5ceb14d1015cedc78b9f2307,一般会員向け,2017-09-01
John,Doe,japan,Georgia,iko顧客受入日,2c92c0fb5ceb14d1015cedc78b9f2307,一般会員向け,2017-10-01
John,Doe,japan,Georgia,iko顧客受入日,2c92c0fb5ceb14d1015cedc78b9f2307,一般会員向け,2017-11-01
John,Doe,japan,Georgia,iko顧客受入日,2c92c0fb5ceb14d1015cedc78b9f2307,一般会員向け,2017-12-01
John,Doe,japan,Georgia,iko顧客受入日,2c92c0fb5ceb14d1015cedc78b9f2307,一般会員向け,2017-07-01
John,Doe,japan,Georgia,iko顧客受入日,2c92c0fb5ceb14d1015cedc78b9f2307,一般会員向け,2017-08-01
John,Doe,japan,Georgia,iko顧客受入日,2c92c0fb5ceb14d1015cedc78b9f2307,一般会員向け,2017-09-01
John,Doe,japan,Georgia,iko顧客受入日,2c92c0fb5ceb14d1015cedc78b9f2307,一般会員向け,2017-10-01
John,Doe,japan,Georgia,iko顧客受入日,2c92c0fb5ceb14d1015cedc78b9f2307,一般会員向け,2017-11-01
John,Doe,japan,Georgia,iko顧客受入日,2c92c0fb5ceb14d1015cedc78b9f2307,一般会員向け,2017-12-01
John,Doe,japan,Georgia,iko顧客受入日,2c92c0fb5ceb14d1015cedc78b9f2307,一般会員向け,2017-07-01
John,Doe,japan,Georgia,iko顧客受入日,2c92c0fb5ceb14d1015cedc78b9f2307,一般会員向け,2017-08-01
John,Doe,japan,Georgia,iko顧客受入日,2c92c0fb5ceb14d1015cedc78b9f2307,一般会員向け,2017-09-01
John,Doe,japan,Georgia,iko顧客受入日,2c92c0fb5ceb14d1015cedc78b9f2307,一般会員向け,2017-10-01
John,Doe,japan,Georgia,iko顧客受入日,2c92c0fb5ceb14d1015cedc78b9f2307,一般会員向け,2017-11-01
John,Doe,japan,Georgia,iko顧客受入日,2c92c0fb5ceb14d1015cedc78b9f2307,一般会員向け,2017-12-01
John,Doe,japan,Georgia,iko顧客受入日,2c92c0fb5ceb14d1015cedc78b9f2307,一般会員向け,2017-07-01
John,Doe,japan,Georgia,iko顧客受入日,2c92c0fb5ceb14d1015cedc78b9f2307,一般会員向け,2017-08-01
John,Doe,japan,Georgia,iko顧客受入日,2c92c0fb5ceb14d1015cedc78b9f2307,一般会員向け,2017-09-01
John,Doe,japan,Georgia,iko顧客受入日,2c92c0fb5ceb14d1015cedc78b9f2307,一般会員向け,2017-10-01
John,Doe,japan,Georgia,iko顧客受入日,2c92c0fb5ceb14d1015cedc78b9f2307,一般会員向け,2017-11-01
John,Doe,japan,Georgia,iko顧客受入日,2c92c0fb5ceb14d1015cedc78b9f2307,一般会員向け,2017-12-01
John,Doe,japan,Georgia,iko顧客受入日,2c92c0fb5ceb14d1015cedc78b9f2307,一般会員向け,2017-07-01
John,Doe,japan,Georgia,iko顧客受入日,2c92c0fb5ceb14d1015cedc78b9f2307,一般会員向け,2017-08-01
John,Doe,japan,Georgia,iko顧客受入日,2c92c0fb5ceb14d1015cedc78b9f2307,一般会員向け,2017-09-01
John,Doe,japan,Georgia,iko顧客受入日,2c92c0fb5ceb14d1015cedc78b9f2307,一般会員向け,2017-10-01
John,Doe,japan,Georgia,iko顧客受入日,2c92c0fb5ceb14d1015cedc78b9f2307,一般会員向け,2017-07-01
John,Doe,japan,Georgia,iko顧客受入日,2c92c0fb5ceb14d1015cedc78b9f2307,一般会員向け,2017-08-01
John,Doe,japan,Georgia,iko顧客受入日,2c92c0fb5ceb14d1015cedc78b9f2307,一般会員向け,2017-09-01
John,Doe,japan,Georgia,iko顧客受入日,2c92c0fb5ceb14d1015cedc78b9f2307,一般会員向け,2017-10-01
John,Doe,japan,Georgia,iko顧客受入日,2c92c0fb5ceb14d1015cedc78b9f2307,一般会員向け,2017-11-01
John,Doe,japan,Georgia,iko顧客受入日,2c92c0fb5ceb14d1015cedc78b9f2307,一般会員向け,2017-12-01
John,Doe,japan,Georgia,iko顧客受入日,2c92c0fb5ceb14d1015cedc78b9f2307,一般会員向け,2017-07-01
John,Doe,japan,Georgia,iko顧客受入日,2c92c0fb5ceb14d1015cedc78b9f2307,一般会員向け,2017-08-01
John,Doe,japan,Georgia,iko顧客受入日,2c92c0fb5ceb14d1015cedc78b9f2307,一般会員向け,2017-09-01
John,Doe,japan,Georgia,iko顧客受入日,2c92c0fb5ceb14d1015cedc78b9f2307,一般会員向け,2017-10-01
John,Doe,japan,Georgia,iko顧客受入日,2c92c0fb5ceb14d1015cedc78b9f2307,一般会員向け,2017-11-01
John,Doe,japan,Georgia,iko顧客受入日,2c92c0fb5ceb14d1015cedc78b9f2307,一般会員向け,2017-12-01
John,Doe,japan,Georgia,iko顧客受入日,2c92c0fb5ceb14d1015cedc78b9f2307,一般会員向け,2017-07-01
John,Doe,japan,Georgia,iko顧客受入日,2c92c0fb5ceb14d1015cedc78b9f2307,一般会員向け,2017-08-01
John,Doe,japan,Georgia,iko顧客受入日,2c92c0fb5ceb14d1015cedc78b9f2307,一般会員向け,2017-09-01
John,Doe,japan,Georgia,iko顧客受入日,2c92c0fb5ceb14d1015cedc78b9f2307,一般会員向け,2017-10-01
John,Doe,japan,Georgia,iko顧客受入日,2c92c0fb5ceb14d1015cedc78b9f2307,一般会員向け,2017-11-01
John,Doe,japan,Georgia,iko顧客受入日,2c92c0fb5ceb14d1015cedc78b9f2307,一般会員向け,2017-12-01
John,Doe,japan,Georgia,iko顧客受入日,2c92c0fb5ceb14d1015cedc78b9f2307,一般会員向け,2017-07-01
John,Doe,japan,Georgia,iko顧客受入日,2c92c0fb5ceb14d1015cedc78b9f2307,一般会員向け,2017-08-01
John,Doe,japan,Georgia,iko顧客受入日,2c92c0fb5ceb14d1015cedc78b9f2307,一般会員向け,2017-09-01
John,Doe,japan,Georgia,iko顧客受入日,2c92c0fb5ceb14d1015cedc78b9f2307,一般会員向け,2017-10-01
John,Doe,japan,Georgia,iko顧客受入日,2c92c0fb5ceb14d1015cedc78b9f2307,一般会員向け,2017-11-01
John,Doe,japan,Georgia,iko顧客受入日,2c92c0fb5ceb14d1015cedc78b9f2307,一般会員向け,2017-12-01
John,Doe,japan,Georgia,iko顧客受入日,2c92c0fb5ceb14d1015cedc78b9f2307,一般会員向け,2017-07-01
John,Doe,japan,Georgia,iko顧客受入日,2c92c0fb5ceb14d1015cedc78b9f2307,一般会員向け,2017-08-01
John,Doe,japan,Georgia,iko顧客受入日,2c92c0fb5ceb14d1015cedc78b9f2307,一般会員向け,2017-09-01
John,Doe,japan,Georgia,iko顧客受入日,2c92c0fb5ceb14d1015cedc78b9f2307,一般会員向け,2017-10-01
John,Doe,japan,Georgia,iko顧客受入日,2c92c0fb5ceb14d1015cedc78b9f2307,一般会員向け,2017-11-01
John,Doe,japan,Georgia,iko顧客受入日,2c92c0fb5ceb14d1015cedc78b9f2307,一般会員向け,2017-12-01
John,Doe,japan,Georgia,iko顧客受入日,2c92c0fb5ceb14d1015cedc78b9f2307,一般会員向け,2017-07-01
John,Doe,japan,Georgia,iko顧客受入日,2c92c0fb5ceb14d1015cedc78b9f2307,一般会員向け,2017-08-01
John,Doe,japan,Georgia,iko顧客受入日,2c92c0fb5ceb14d1015cedc78b9f2307,一般会員向け,2017-09-01
John,Doe,japan,Georgia,iko顧客受入日,2c92c0fb5ceb14d1015cedc78b9f2307,一般会員向け,2017-10-01
John,Doe,japan,Georgia,iko顧客受入日,2c92c0fb5ceb14d1015cedc78b9f2307,一般会員向け,2017-11-01
John,Doe,japan,Georgia,iko顧客受入日,2c92c0fb5ceb14d1015cedc78b9f2307,一般会員向け,2017-12-01
John,Doe,japan,Georgia,iko顧客受入日,2c92c0fb5ceb14d1015cedc78b9f2307,一般会員向け,2017-07-01
John,Doe,japan,Georgia,iko顧客受入日,2c92c0fb5ceb14d1015cedc78b9f2307,一般会員向け,2017-08-01
John,Doe,japan,Georgia,iko顧客受入日,2c92c0fb5ceb14d1015cedc78b9f2307,一般会員向け,2017-09-01
John,Doe,japan,Georgia,iko顧客受入日,2c92c0fb5ceb14d1015cedc78b9f2307,一般会員向け,2017-10-01
John,Doe,japan,Georgia,iko顧客受入日,2c92c0fb5ceb14d1015cedc78b9f2307,一般会員向け,2017-11-01
John,Doe,japan,Georgia,iko顧客受入日,2c92c0fb5ceb14d1015cedc78b9f2307,一般会員向け,2017-12-01
John,Doe,japan,Georgia,iko顧客受入日,2c92c0fb5ceb14d1015cedc78b9f2307,一般会員向け,2017-07-01
John,Doe,japan,Georgia,iko顧客受入日,2c92c0fb5ceb14d1015cedc78b9f2307,一般会員向け,2017-08-01
John,Doe,japan,Georgia,iko顧客受入日,2c92c0fb5ceb14d1015cedc78b9f2307,一般会員向け,2017-09-01
John,Doe,japan,Georgia,iko顧客受入日,2c92c0fb5ceb14d1015cedc78b9f2307,一般会員向け,2017-10-01
John,Doe,japan,Georgia,iko顧客受入日,2c92c0fb5ceb14d1015cedc78b9f2307,一般会員向け,2017-11-01
John,Doe,japan,Georgia,iko顧客受入日,2c92c0fb5ceb14d1015cedc78b9f2307,一般会員向け,2017-12-01
John,Doe,japan,Georgia,iko顧客受入日,2c92c0fb5ceb14d1015cedc78b9f2307,一般会員向け,2017-07-01
John,Doe,japan,Georgia,iko顧客受入日,2c92c0fb5ceb14d1015cedc78b9f2307,一般会員向け,2017-08-01
John,Doe,japan,Georgia,iko顧客受入日,2c92c0fb5ceb14d1015cedc78b9f2307,一般会員向け,2017-09-01
John,Doe,japan,Georgia,iko顧客受入日,2c92c0fb5ceb14d1015cedc78b9f2307,一般会員向け,2017-10-01
John,Doe,japan,Georgia,iko顧客受入日,2c92c0fb5ceb14d1015cedc78b9f2307,一般会員向け,2017-11-01
John,Doe,japan,Georgia,iko顧客受入日,2c92c0fb5ceb14d1015cedc78b9f2307,一般会員向け,2017-12-01
John,Doe,japan,Georgia,iko顧客受入日,2c92c0fb5ceb14d1015cedc78b9f2307,一般会員向け,2017-07-01
John,Doe,japan,Georgia,iko顧客受入日,2c92c0fb5ceb14d1015cedc78b9f2307,一般会員向け,2017-08-01
John,Doe,japan,Georgia,iko顧客受入日,2c92c0fb5ceb14d1015cedc78b9f2307,一般会員向け,2017-09-01
John,Doe,japan,Georgia,iko顧客受入日,2c92c0fb5ceb14d1015cedc78b9f2307,一般会員向け,2017-10-01
John,Doe,japan,Georgia,iko顧客受入日,2c92c0fb5ceb14d1015cedc78b9f2307,一般会員向け,2017-11-01
John,Doe,japan,Georgia,iko顧客受入日,2c92c0fb5ceb14d1015cedc78b9f2307,一般会員向け,2017-12-01
John,Doe,japan,Georgia,iko顧客受入日,2c92c0fb5ceb14d1015cedc78b9f2307,一般会員向け,2017-07-01
John,Doe,japan,Georgia,iko顧客受入日,2c92c0fb5ceb14d1015cedc78b9f2307,一般会員向け,2017-08-01
John,Doe,japan,Georgia,iko顧客受入日,2c92c0fb5ceb14d1015cedc78b9f2307,一般会員向け,2017-09-01
John,Doe,japan,Georgia,iko顧客受入日,2c92c0fb5ceb14d1015cedc78b9f2307,一般会員向け,2017-10-01
John,Doe,japan,Georgia,iko顧客受入日,2c92c0fb5ceb14d1015cedc78b9f2307,一般会員向け,2017-11-01
John,Doe,japan,Georgia,iko顧客受入日,2c92c0fb5ceb14d1015cedc78b9f2307,一般会員向け,2017-12-01
John,Doe,japan,Georgia,iko顧客受入日,2c92c0fb5ceb14d1015cedc78b9f2307,一般会員向け,2017-07-01
John,Doe,japan,Georgia,iko顧客受入日,2c92c0fb5ceb14d1015cedc78b9f2307,一般会員向け,2017-08-01
John,Doe,japan,Georgia,iko顧客受入日,2c92c0fb5ceb14d1015cedc78b9f2307,一般会員向け,2017-09-01
John,Doe,japan,Georgia,iko顧客受入日,2c92c0fb5ceb14d1015cedc78b9f2307,一般会員向け,2017-10-01
John,Doe,japan,Georgia,iko顧客受入日,2c92c0fb5ceb14d1015cedc78b9f2307,一般会員向け,2017-11-01
John,Doe,japan,Georgia,iko顧客受入日,2c92c0fb5ceb14d1015cedc78b9f2307,一般会員向け,2017-12-01
John,Doe,japan,Georgia,iko顧客受入日,2c92c0fb5ceb14d1015cedc78b9f2307,一般会員向け,2017-07-01
John,Doe,japan,Georgia,iko顧客受入日,2c92c0fb5ceb14d1015cedc78b9f2307,一般会員向け,2017-08-01
John,Doe,japan,Georgia,iko顧客受入日,2c92c0fb5ceb14d1015cedc78b9f2307,一般会員向け,2017-09-01
John,Doe,japan,Georgia,iko顧客受入日,2c92c0fb5ceb14d1015cedc78b9f2307,一般会員向け,2017-10-01
John,Doe,japan,Georgia,iko顧客受入日,2c92c0fb5ceb14d1015cedc78b9f2307,一般会員向け,2017-11-01
John,Doe,japan,Georgia,iko顧客受入日,2c92c0fb5ceb14d1015cedc78b9f2307,一般会員向け,2017-12-01
John,Doe,japan,Georgia,iko顧客受入日,2c92c0fb5ceb14d1015cedc78b9f2307,一般会員向け,2017-07-01
John,Doe,japan,Georgia,iko顧客受入日,2c92c0fb5ceb14d1015cedc78b9f2307,一般会員向け,2017-08-01
John,Doe,japan,Georgia,iko顧客受入日,2c92c0fb5ceb14d1015cedc78b9f2307,一般会員向け,2017-09-01
John,Doe,japan,Georgia,iko顧客受入日,2c92c0fb5ceb14d1015cedc78b9f2307,一般会員向け,2017-10-01
John,Doe,japan,Georgia,iko顧客受入日,2c92c0fb5ceb14d1015cedc78b9f2307,一般会員向け,2017-11-01
John,Doe,japan,Georgia,iko顧客受入日,2c92c0fb5ceb14d1015cedc78b9f2307,一般会員向け,2017-12-01
John,Doe,japan,Georgia,iko顧客受入日,2c92c0fb5ceb14d1015cedc78b9f2307,一般会員向け,2017-07-01
John,Doe,japan,Georgia,iko顧客受入日,2c92c0fb5ceb14d1015cedc78b9f2307,一般会員向け,2017-08-01
John,Doe,japan,Georgia,iko顧客受入日,2c92c0fb5ceb14d1015cedc78b9f2307,一般会員向け,2017-09-01
John,Doe,japan,Georgia,iko顧客受入日,2c92c0fb5ceb14d1015cedc78b9f2307,一般会員向け,2017-10-01
John,Doe,japan,Georgia,iko顧客受入日,2c92c0fb5ceb14d1015cedc78b9f2307,一般会員向け,2017-11-01
John,Doe,japan,Georgia,iko顧客受入日,2c92c0fb5ceb14d1015cedc78b9f2307,一般会員向け,2017-12-01
John,Doe,japan,Georgia,iko顧客受入日,2c92c0fb5ceb14d1015cedc78b9f2307,一般会員向け,2017-07-01
John,Doe,japan,Georgia,iko顧客受入日,2c92c0fb5ceb14d1015cedc78b9f2307,一般会員向け,2017-08-01
John,Doe,japan,Georgia,iko顧客受入日,2c92c0fb5ceb14d1015cedc78b9f2307,一般会員向け,2017-09-01
John,Doe,japan,Georgia,iko顧客受入日,2c92c0fb5ceb14d1015cedc78b9f2307,一般会員向け,2017-10-01
John,Doe,japan,Georgia,iko顧客受入日,2c92c0fb5ceb14d1015cedc78b9f2307,一般会員向け,2017-11-01
John,Doe,japan,Georgia,iko顧客受入日,2c92c0fb5ceb14d1015cedc78b9f2307,一般会員向け,2017-12-01
John,Doe,japan,Georgia,iko顧客受入日,2c92c0fb5ceb14d1015cedc78b9f2307,一般会員向け,2017-07-01
John,Doe,japan,Georgia,iko顧客受入日,2c92c0fb5ceb14d1015cedc78b9f2307,一般会員向け,2017-08-01
John,Doe,japan,Georgia,iko顧客受入日,2c92c0fb5ceb14d1015cedc78b9f2307,一般会員向け,2017-09-01
John,Doe,japan,Georgia,iko顧客受入日,2c92c0fb5ceb14d1015cedc78b9f2307,一般会員向け,2017-10-01
John,Doe,japan,Georgia,iko顧客受入日,2c92c0fb5ceb14d1015cedc78b9f2307,一般会員向け,2017-07-01
John,Doe,japan,Georgia,iko顧客受入日,2c92c0fb5ceb14d1015cedc78b9f2307,一般会員向け,2017-08-01
John,Doe,japan,Georgia,iko顧客受入日,2c92c0fb5ceb14d1015cedc78b9f2307,一般会員向け,2017-09-01
John,Doe,japan,Georgia,iko顧客受入日,2c92c0fb5ceb14d1015cedc78b9f2307,一般会員向け,2017-10-01
John,Doe,japan,Georgia,iko顧客受入日,2c92c0fb5ceb14d1015cedc78b9f2307,一般会員向け,2017-11-01
John,Doe,japan,Georgia,iko顧客受入日,2c92c0fb5ceb14d1015cedc78b9f2307,一般会員向け,2017-12-01
John,Doe,japan,Georgia,iko顧客受入日,2c92c0fb5ceb14d1015cedc78b9f2307,一般会員向け,2017-07-01
John,Doe,japan,Georgia,iko顧客受入日,2c92c0fb5ceb14d1015cedc78b9f2307,一般会員向け,2017-08-01
John,Doe,japan,Georgia,iko顧客受入日,2c92c0fb5ceb14d1015cedc78b9f2307,一般会員向け,2017-09-01
John,Doe,japan,Georgia,iko顧客受入日,2c92c0fb5ceb14d1015cedc78b9f2307,一般会員向け,2017-10-01
John,Doe,japan,Georgia,iko顧客受入日,2c92c0fb5ceb14d1015cedc78b9f2307,一般会員向け,2017-11-01
John,Doe,japan,Georgia,iko顧客受入日,2c92c0fb5ceb14d1015cedc78b9f2307,一般会員向け,2017-12-01
John,Doe,japan,Georgia,iko顧客受入日,2c92c0fb5ceb14d1015cedc78b9f2307,一般会員向け,2017-07-01
John,Doe,japan,Georgia,iko顧客受入日,2c92c0fb5ceb14d1015cedc78b9f2307,一般会員向け,2017-08-01
John,Doe,japan,Georgia,iko顧客受入日,2c92c0fb5ceb14d1015cedc78b9f2307,一般会員向け,2017-09-01
John,Doe,japan,Georgia,iko顧客受入日,2c92c0fb5ceb14d1015cedc78b9f2307,一般会員向け,2017-10-01
John,Doe,japan,Georgia,iko顧客受入日,2c92c0fb5ceb14d1015cedc78b9f2307,一般会員向け,2017-11-01
John,Doe,japan,Georgia,iko顧客受入日,2c92c0fb5ceb14d1015cedc78b9f2307,一般会員向け,2017-12-01
John,Doe,japan,Georgia,iko顧客受入日,2c92c0fb5ceb14d1015cedc78b9f2307,一般会員向け,2017-07-01
John,Doe,japan,Georgia,iko顧客受入日,2c92c0fb5ceb14d1015cedc78b9f2307,一般会員向け,2017-08-01
John,Doe,japan,Georgia,iko顧客受入日,2c92c0fb5ceb14d1015cedc78b9f2307,一般会員向け,2017-09-01
John,Doe,japan,Georgia,iko顧客受入日,2c92c0fb5ceb14d1015cedc78b9f2307,一般会員向け,2017-10-01
John,Doe,japan,Georgia,iko顧客受入日,2c92c0fb5ceb14d1015cedc78b9f2307,一般会員向け,2017-11-01
John,Doe,japan,Georgia,iko顧客受入日,2c92c0fb5ceb14d1015cedc78b9f2307,一般会員向け,2017-12-01
John,Doe,japan,Georgia,iko顧客受入日,2c92c0fb5ceb14d1015cedc78b9f2307,一般会員向け,2017-07-01
John,Doe,japan,Georgia,iko顧客受入日,2c92c0fb5ceb14d1015cedc78b9f2307,一般会員向け,2017-08-01
John,Doe,japan,Georgia,iko顧客受入日,2c92c0fb5ceb14d1015cedc78b9f2307,一般会員向け,2017-09-01
John,Doe,japan,Georgia,iko顧客受入日,2c92c0fb5ceb14d1015cedc78b9f2307,一般会員向け,2017-10-01
John,Doe,japan,Georgia,iko顧客受入日,2c92c0fb5ceb14d1015cedc78b9f2307,一般会員向け,2017-11-01
John,Doe,japan,Georgia,iko顧客受入日,2c92c0fb5ceb14d1015cedc78b9f2307,一般会員向け,2017-12-01
John,Doe,japan,Georgia,iko顧客受入日,2c92c0fb5ceb14d1015cedc78b9f2307,一般会員向け,2017-07-01
John,Doe,japan,Georgia,iko顧客受入日,2c92c0fb5ceb14d1015cedc78b9f2307,一般会員向け,2017-08-01
John,Doe,japan,Georgia,iko顧客受入日,2c92c0fb5ceb14d1015cedc78b9f2307,一般会員向け,2017-09-01
John,Doe,japan,Georgia,iko顧客受入日,2c92c0fb5ceb14d1015cedc78b9f2307,一般会員向け,2017-10-01
John,Doe,japan,Georgia,iko顧客受入日,2c92c0fb5ceb14d1015cedc78b9f2307,一般会員向け,2017-11-01
John,Doe,japan,Georgia,iko顧客受入日,2c92c0fb5ceb14d1015cedc78b9f2307,一般会員向け,2017-12-01
John,Doe,japan,Georgia,iko顧客受入日,2c92c0fb5ceb14d1015cedc78b9f2307,一般会員向け,2017-07-01
John,Doe,japan,Georgia,iko顧客受入日,2c92c0fb5ceb14d1015cedc78b9f2307,一般会員向け,2017-08-01
John,Doe,japan,Georgia,iko顧客受入日,2c92c0fb5ceb14d1015cedc78b9f2307,一般会員向け,2017-09-01
John,Doe,japan,Georgia,iko顧客受入日,2c92c0fb5ceb14d1015cedc78b9f2307,一般会員向け,2017-10-01
John,Doe,japan,Georgia,iko顧客受入日,2c92c0fb5ceb14d1015cedc78b9f2307,一般会員向け,2017-11-01
John,Doe,japan,Georgia,iko顧客受入日,2c92c0fb5ceb14d1015cedc78b9f2307,一般会員向け,2017-12-01
John,Doe,japan,Georgia,iko顧客受入日,2c92c0fb5ceb14d1015cedc78b9f2307,一般会員向け,2017-07-01
John,Doe,japan,Georgia,iko顧客受入日,2c92c0fb5ceb14d1015cedc78b9f2307,一般会員向け,2017-08-01
John,Doe,japan,Georgia,iko顧客受入日,2c92c0fb5ceb14d1015cedc78b9f2307,一般会員向け,2017-09-01
John,Doe,japan,Georgia,iko顧客受入日,2c92c0fb5ceb14d1015cedc78b9f2307,一般会員向け,2017-10-01
John,Doe,japan,Georgia,iko顧客受入日,2c92c0fb5ceb14d1015cedc78b9f2307,一般会員向け,2017-11-01
John,Doe,japan,Georgia,iko顧客受入日,2c92c0fb5ceb14d1015cedc78b9f2307,一般会員向け,2017-12-01
John,Doe,japan,Georgia,iko顧客受入日,2c92c0fb5ceb14d1015cedc78b9f2307,一般会員向け,2017-07-01
John,Doe,japan,Georgia,iko顧客受入日,2c92c0fb5ceb14d1015cedc78b9f2307,一般会員向け,2017-08-01
John,Doe,japan,Georgia,iko顧客受入日,2c92c0fb5ceb14d1015cedc78b9f2307,一般会員向け,2017-09-01
John,Doe,japan,Georgia,iko顧客受入日,2c92c0fb5ceb14d1015cedc78b9f2307,一般会員向け,2017-10-01
John,Doe,japan,Georgia,iko顧客受入日,2c92c0fb5ceb14d1015cedc78b9f2307,一般会員向け,2017-11-01
John,Doe,japan,Georgia,iko顧客受入日,2c92c0fb5ceb14d1015cedc78b9f2307,一般会員向け,2017-12-01
John,Doe,japan,Georgia,iko顧客受入日,2c92c0fb5ceb14d1015cedc78b9f2307,一般会員向け,2017-07-01
John,Doe,japan,Georgia,iko顧客受入日,2c92c0fb5ceb14d1015cedc78b9f2307,一般会員向け,2017-08-01
John,Doe,japan,Georgia,iko顧客受入日,2c92c0fb5ceb14d1015cedc78b9f2307,一般会員向け,2017-09-01
John,Doe,japan,Georgia,iko顧客受入日,2c92c0fb5ceb14d1015cedc78b9f2307,一般会員向け,2017-10-01
John,Doe,japan,Georgia,iko顧客受入日,2c92c0fb5ceb14d1015cedc78b9f2307,一般会員向け,2017-11-01
John,Doe,japan,Georgia,iko顧客受入日,2c92c0fb5ceb14d1015cedc78b9f2307,一般会員向け,2017-12-01
John,Doe,japan,Georgia,iko顧客受入日,2c92c0fb5ceb14d1015cedc78b9f2307,一般会員向け,2017-07-01
John,Doe,japan,Georgia,iko顧客受入日,2c92c0fb5ceb14d1015cedc78b9f2307,一般会員向け,2017-08-01
John,Doe,japan,Georgia,iko顧客受入日,2c92c0fb5ceb14d1015cedc78b9f2307,一般会員向け,2017-09-01
John,Doe,japan,Georgia,iko顧客受入日,2c92c0fb5ceb14d1015cedc78b9f2307,一般会員向け,2017-10-01
John,Doe,japan,Georgia,iko顧客受入日,2c92c0fb5ceb14d1015cedc78b9f2307,一般会員向け,2017-11-01
John,Doe,japan,Georgia,iko顧客受入日,2c92c0fb5ceb14d1015cedc78b9f2307,一般会員向け,2017-12-01
John,Doe,japan,Georgia,iko顧客受入日,2c92c0fb5ceb14d1015cedc78b9f2307,一般会員向け,2017-07-01
John,Doe,japan,Georgia,iko顧客受入日,2c92c0fb5ceb14d1015cedc78b9f2307,一般会員向け,2017-08-01
John,Doe,japan,Georgia,iko顧客受入日,2c92c0fb5ceb14d1015cedc78b9f2307,一般会員向け,2017-09-01
John,Doe,japan,Georgia,iko顧客受入日,2c92c0fb5ceb14d1015cedc78b9f2307,一般会員向け,2017-10-01
John,Doe,japan,Georgia,iko顧客受入日,2c92c0fb5ceb14d1015cedc78b9f2307,一般会員向け,2017-11-01
John,Doe,japan,Georgia,iko顧客受入日,2c92c0fb5ceb14d1015cedc78b9f2307,一般会員向け,2017-12-01
John,Doe,japan,Georgia,iko顧客受入日,2c92c0fb5ceb14d1015cedc78b9f2307,一般会員向け,2017-07-01
John,Doe,japan,Georgia,iko顧客受入日,2c92c0fb5ceb14d1015cedc78b9f2307,一般会員向け,2017-08-01
John,Doe,japan,Georgia,iko顧客受入日,2c92c0fb5ceb14d1015cedc78b9f2307,一般会員向け,2017-09-01
John,Doe,japan,Georgia,iko顧客受入日,2c92c0fb5ceb14d1015cedc78b9f2307,一般会員向け,2017-10-01
John,Doe,japan,Georgia,iko顧客受入日,2c92c0fb5ceb14d1015cedc78b9f2307,一般会員向け,2017-11-01
John,Doe,japan,Georgia,iko顧客受入日,2c92c0fb5ceb14d1015cedc78b9f2307,一般会員向け,2017-12-01
John,Doe,japan,Georgia,iko顧客受入日,2c92c0fb5ceb14d1015cedc78b9f2307,一般会員向け,2017-07-01
John,Doe,japan,Georgia,iko顧客受入日,2c92c0fb5ceb14d1015cedc78b9f2307,一般会員向け,2017-08-01
John,Doe,japan,Georgia,iko顧客受入日,2c92c0fb5ceb14d1015cedc78b9f2307,一般会員向け,2017-09-01
John,Doe,japan,Georgia,iko顧客受入日,2c92c0fb5ceb14d1015cedc78b9f2307,一般会員向け,2017-10-01
John,Doe,japan,Georgia,iko顧客受入日,2c92c0fb5ceb14d1015cedc78b9f2307,一般会員向け,2017-11-01
John,Doe,japan,Georgia,iko顧客受入日,2c92c0fb5ceb14d1015cedc78b9f2307,一般会員向け,2017-12-01
John,Doe,japan,Georgia,iko顧客受入日,2c92c0fb5ceb14d1015cedc78b9f2307,一般会員向け,2017-07-01
John,Doe,japan,Georgia,iko顧客受入日,2c92c0fb5ceb14d1015cedc78b9f2307,一般会員向け,2017-08-01
John,Doe,japan,Georgia,iko顧客受入日,2c92c0fb5ceb14d1015cedc78b9f2307,一般会員向け,2017-09-01
John,Doe,japan,Georgia,iko顧客受入日,2c92c0fb5ceb14d1015cedc78b9f2307,一般会員向け,2017-10-01
John,Doe,japan,Georgia,iko顧客受入日,2c92c0fb5ceb14d1015cedc78b9f2307,一般会員向け,2017-11-01
John,Doe,japan,Georgia,iko顧客受入日,2c92c0fb5ceb14d1015cedc78b9f2307,一般会員向け,2017-12-01
John,Doe,japan,Georgia,iko顧客受入日,2c92c0fb5ceb14d1015cedc78b9f2307,一般会員向け,2017-07-01
John,Doe,japan,Georgia,iko顧客受入日,2c92c0fb5ceb14d1015cedc78b9f2307,一般会員向け,2017-08-01
John,Doe,japan,Georgia,iko顧客受入日,2c92c0fb5ceb14d1015cedc78b9f2307,一般会員向け,2017-09-01
John,Doe,japan,Georgia,iko顧客受入日,2c92c0fb5ceb14d1015cedc78b9f2307,一般会員向け,2017-10-01
John,Doe,japan,Georgia,iko顧客受入日,2c92c0fb5ceb14d1015cedc78b9f2307,一般会員向け,2017-11-01
John,Doe,japan,Georgia,iko顧客受入日,2c92c0fb5ceb14d1015cedc78b9f2307,一般会員向け,2017-12-01
John,Doe,japan,Georgia,iko顧客受入日,2c92c0fb5ceb14d1015cedc78b9f2307,一般会員向け,2017-07-01
John,Doe,japan,Georgia,iko顧客受入日,2c92c0fb5ceb14d1015cedc78b9f2307,一般会員向け,2017-08-01
John,Doe,japan,Georgia,iko顧客受入日,2c92c0fb5ceb14d1015cedc78b9f2307,一般会員向け,2017-09-01
John,Doe,japan,Georgia,iko顧客受入日,2c92c0fb5ceb14d1015cedc78b9f2307,一般会員向け,2017-10-01
John,Doe,japan,Georgia,iko顧客受入日,2c92c0fb5ceb14d1015cedc78b9f2307,一般会員向け,2017-07-01
John,Doe,japan,Georgia,iko顧客受入日,2c92c0fb5ceb14d1015cedc78b9f2307,一般会員向け,2017-08-01
John,Doe,japan,Georgia,iko顧客受入日,2c92c0fb5ceb14d1015cedc78b9f2307,一般会員向け,2017-09-01
John,Doe,japan,Georgia,iko顧客受入日,2c92c0fb5ceb14d1015cedc78b9f2307,一般会員向け,2017-10-01
John,Doe,japan,Georgia,iko顧客受入日,2c92c0fb5ceb14d1015cedc78b9f2307,一般会員向け,2017-11-01
John,Doe,japan,Georgia,iko顧客受入日,2c92c0fb5ceb14d1015cedc78b9f2307,一般会員向け,2017-12-01
John,Doe,japan,Georgia,iko顧客受入日,2c92c0fb5ceb14d1015cedc78b9f2307,一般会員向け,2017-07-01
John,Doe,japan,Georgia,iko顧客受入日,2c92c0fb5ceb14d1015cedc78b9f2307,一般会員向け,2017-08-01
John,Doe,japan,Georgia,iko顧客受入日,2c92c0fb5ceb14d1015cedc78b9f2307,一般会員向け,2017-09-01
John,Doe,japan,Georgia,iko顧客受入日,2c92c0fb5ceb14d1015cedc78b9f2307,一般会員向け,2017-10-01
John,Doe,japan,Georgia,iko顧客受入日,2c92c0fb5ceb14d1015cedc78b9f2307,一般会員向け,2017-11-01
John,Doe,japan,Georgia,iko顧客受入日,2c92c0fb5ceb14d1015cedc78b9f2307,一般会員向け,2017-12-01
John,Doe,japan,Georgia,iko顧客受入日,2c92c0fb5ceb14d1015cedc78b9f2307,一般会員向け,2017-07-01
John,Doe,japan,Georgia,iko顧客受入日,2c92c0fb5ceb14d1015cedc78b9f2307,一般会員向け,2017-08-01
John,Doe,japan,Georgia,iko顧客受入日,2c92c0fb5ceb14d1015cedc78b9f2307,一般会員向け,2017-09-01
John,Doe,japan,Georgia,iko顧客受入日,2c92c0fb5ceb14d1015cedc78b9f2307,一般会員向け,2017-10-01
John,Doe,japan,Georgia,iko顧客受入日,2c92c0fb5ceb14d1015cedc78b9f2307,一般会員向け,2017-11-01
John,Doe,japan,Georgia,iko顧客受入日,2c92c0fb5ceb14d1015cedc78b9f2307,一般会員向け,2017-12-01
John,Doe,japan,Georgia,iko顧客受入日,2c92c0fb5ceb14d1015cedc78b9f2307,一般会員向け,2017-07-01
John,Doe,japan,Georgia,iko顧客受入日,2c92c0fb5ceb14d1015cedc78b9f2307,一般会員向け,2017-08-01
John,Doe,japan,Georgia,iko顧客受入日,2c92c0fb5ceb14d1015cedc78b9f2307,一般会員向け,2017-09-01
John,Doe,japan,Georgia,iko顧客受入日,2c92c0fb5ceb14d1015cedc78b9f2307,一般会員向け,2017-10-01
John,Doe,japan,Georgia,iko顧客受入日,2c92c0fb5ceb14d1015cedc78b9f2307,一般会員向け,2017-11-01
John,Doe,japan,Georgia,iko顧客受入日,2c92c0fb5ceb14d1015cedc78b9f2307,一般会員向け,2017-12-01
John,Doe,japan,Georgia,iko顧客受入日,2c92c0fb5ceb14d1015cedc78b9f2307,一般会員向け,2017-07-01
John,Doe,japan,Georgia,iko顧客受入日,2c92c0fb5ceb14d1015cedc78b9f2307,一般会員向け,2017-08-01
John,Doe,japan,Georgia,iko顧客受入日,2c92c0fb5ceb14d1015cedc78b9f2307,一般会員向け,2017-09-01
John,Doe,japan,Georgia,iko顧客受入日,2c92c0fb5ceb14d1015cedc78b9f2307,一般会員向け,2017-10-01
John,Doe,japan,Georgia,iko顧客受入日,2c92c0fb5ceb14d1015cedc78b9f2307,一般会員向け,2017-11-01
John,Doe,japan,Georgia,iko顧客受入日,2c92c0fb5ceb14d1015cedc78b9f2307,一般会員向け,2017-12-01
John,Doe,japan,Georgia,iko顧客受入日,2c92c0fb5ceb14d1015cedc78b9f2307,一般会員向け,2017-07-01
John,Doe,japan,Georgia,iko顧客受入日,2c92c0fb5ceb14d1015cedc78b9f2307,一般会員向け,2017-08-01
John,Doe,japan,Georgia,iko顧客受入日,2c92c0fb5ceb14d1015cedc78b9f2307,一般会員向け,2017-09-01
John,Doe,japan,Georgia,iko顧客受入日,2c92c0fb5ceb14d1015cedc78b9f2307,一般会員向け,2017-10-01
John,Doe,japan,Georgia,iko顧客受入日,2c92c0fb5ceb14d1015cedc78b9f2307,一般会員向け,2017-11-01
John,Doe,japan,Georgia,iko顧客受入日,2c92c0fb5ceb14d1015cedc78b9f2307,一般会員向け,2017-12-01
John,Doe,japan,Georgia,iko顧客受入日,2c92c0fb5ceb14d1015cedc78b9f2307,一般会員向け,2017-07-01
John,Doe,japan,Georgia,iko顧客受入日,2c92c0fb5ceb14d1015cedc78b9f2307,一般会員向け,2017-08-01
John,Doe,japan,Georgia,iko顧客受入日,2c92c0fb5ceb14d1015cedc78b9f2307,一般会員向け,2017-09-01
John,Doe,japan,Georgia,iko顧客受入日,2c92c0fb5ceb14d1015cedc78b9f2307,一般会員向け,2017-10-01
John,Doe,japan,Georgia,iko顧客受入日,2c92c0fb5ceb14d1015cedc78b9f2307,一般会員向け,2017-11-01
John,Doe,japan,Georgia,iko顧客受入日,2c92c0fb5ceb14d1015cedc78b9f2307,一般会員向け,2017-12-01
John,Doe,japan,Georgia,iko顧客受入日,2c92c0fb5ceb14d1015cedc78b9f2307,一般会員向け,2017-07-01
John,Doe,japan,Georgia,iko顧客受入日,2c92c0fb5ceb14d1015cedc78b9f2307,一般会員向け,2017-08-01
John,Doe,japan,Georgia,iko顧客受入日,2c92c0fb5ceb14d1015cedc78b9f2307,一般会員向け,2017-09-01
John,Doe,japan,Georgia,iko顧客受入日,2c92c0fb5ceb14d1015cedc78b9f2307,一般会員向け,2017-10-01
John,Doe,japan,Georgia,iko顧客受入日,2c92c0fb5ceb14d1015cedc78b9f2307,一般会員向け,2017-11-01
John,Doe,japan,Georgia,iko顧客受入日,2c92c0fb5ceb14d1015cedc78b9f2307,一般会員向け,2017-12-01
John,Doe,japan,Georgia,iko顧客受入日,2c92c0fb5ceb14d1015cedc78b9f2307,一般会員向け,2017-07-01
John,Doe,japan,Georgia,iko顧客受入日,2c92c0fb5ceb14d1015cedc78b9f2307,一般会員向け,2017-08-01
John,Doe,japan,Georgia,iko顧客受入日,2c92c0fb5ceb14d1015cedc78b9f2307,一般会員向け,2017-09-01
John,Doe,japan,Georgia,iko顧客受入日,2c92c0fb5ceb14d1015cedc78b9f2307,一般会員向け,2017-10-01
John,Doe,japan,Georgia,iko顧客受入日,2c92c0fb5ceb14d1015cedc78b9f2307,一般会員向け,2017-11-01
John,Doe,japan,Georgia,iko顧客受入日,2c92c0fb5ceb14d1015cedc78b9f2307,一般会員向け,2017-12-01
John,Doe,japan,Georgia,iko顧客受入日,2c92c0fb5ceb14d1015cedc78b9f2307,一般会員向け,2017-07-01
John,Doe,japan,Georgia,iko顧客受入日,2c92c0fb5ceb14d1015cedc78b9f2307,一般会員向け,2017-08-01
John,Doe,japan,Georgia,iko顧客受入日,2c92c0fb5ceb14d1015cedc78b9f2307,一般会員向け,2017-09-01
John,Doe,japan,Georgia,iko顧客受入日,2c92c0fb5ceb14d1015cedc78b9f2307,一般会員向け,2017-10-01
John,Doe,japan,Georgia,iko顧客受入日,2c92c0fb5ceb14d1015cedc78b9f2307,一般会員向け,2017-11-01
John,Doe,japan,Georgia,iko顧客受入日,2c92c0fb5ceb14d1015cedc78b9f2307,一般会員向け,2017-12-01
John,Doe,japan,Georgia,iko顧客受入日,2c92c0fb5ceb14d1015cedc78b9f2307,一般会員向け,2017-07-01
John,Doe,japan,Georgia,iko顧客受入日,2c92c0fb5ceb14d1015cedc78b9f2307,一般会員向け,2017-08-01
John,Doe,japan,Georgia,iko顧客受入日,2c92c0fb5ceb14d1015cedc78b9f2307,一般会員向け,2017-09-01
John,Doe,japan,Georgia,iko顧客受入日,2c92c0fb5ceb14d1015cedc78b9f2307,一般会員向け,2017-10-01
John,Doe,japan,Georgia,iko顧客受入日,2c92c0fb5ceb14d1015cedc78b9f2307,一般会員向け,2017-11-01
John,Doe,japan,Georgia,iko顧客受入日,2c92c0fb5ceb14d1015cedc78b9f2307,一般会員向け,2017-12-01
John,Doe,japan,Georgia,iko顧客受入日,2c92c0fb5ceb14d1015cedc78b9f2307,一般会員向け,2017-07-01
John,Doe,japan,Georgia,iko顧客受入日,2c92c0fb5ceb14d1015cedc78b9f2307,一般会員向け,2017-08-01
John,Doe,japan,Georgia,iko顧客受入日,2c92c0fb5ceb14d1015cedc78b9f2307,一般会員向け,2017-09-01
John,Doe,japan,Georgia,iko顧客受入日,2c92c0fb5ceb14d1015cedc78b9f2307,一般会員向け,2017-10-01
John,Doe,japan,Georgia,iko顧客受入日,2c92c0fb5ceb14d1015cedc78b9f2307,一般会員向け,2017-11-01
John,Doe,japan,Georgia,iko顧客受入日,2c92c0fb5ceb14d1015cedc78b9f2307,一般会員向け,2017-12-01
John,Doe,japan,Georgia,iko顧客受入日,2c92c0fb5ceb14d1015cedc78b9f2307,一般会員向け,2017-07-01
John,Doe,japan,Georgia,iko顧客受入日,2c92c0fb5ceb14d1015cedc78b9f2307,一般会員向け,2017-08-01
John,Doe,japan,Georgia,iko顧客受入日,2c92c0fb5ceb14d1015cedc78b9f2307,一般会員向け,2017-09-01
John,Doe,japan,Georgia,iko顧客受入日,2c92c0fb5ceb14d1015cedc78b9f2307,一般会員向け,2017-10-01
John,Doe,japan,Georgia,iko顧客受入日,2c92c0fb5ceb14d1015cedc78b9f2307,一般会員向け,2017-11-01
John,Doe,japan,Georgia,iko顧客受入日,2c92c0fb5ceb14d1015cedc78b9f2307,一般会員向け,2017-12-01
John,Doe,japan,Georgia,iko顧客受入日,2c92c0fb5ceb14d1015cedc78b9f2307,一般会員向け,2017-07-01
John,Doe,japan,Georgia,iko顧客受入日,2c92c0fb5ceb14d1015cedc78b9f2307,一般会員向け,2017-08-01
John,Doe,japan,Georgia,iko顧客受入日,2c92c0fb5ceb14d1015cedc78b9f2307,一般会員向け,2017-09-01
John,Doe,japan,Georgia,iko顧客受入日,2c92c0fb5ceb14d1015cedc78b9f2307,一般会員向け,2017-10-01
John,Doe,japan,Georgia,iko顧客受入日,2c92c0fb5ceb14d1015cedc78b9f2307,一般会員向け,2017-11-01
John,Doe,japan,Georgia,iko顧客受入日,2c92c0fb5ceb14d1015cedc78b9f2307,一般会員向け,2017-12-01
John,Doe,japan,Georgia,iko顧客受入日,2c92c0fb5ceb14d1015cedc78b9f2307,一般会員向け,2017-07-01
John,Doe,japan,Georgia,iko顧客受入日,2c92c0fb5ceb14d1015cedc78b9f2307,一般会員向け,2017-08-01
John,Doe,japan,Georgia,iko顧客受入日,2c92c0fb5ceb14d1015cedc78b9f2307,一般会員向け,2017-09-01
John,Doe,japan,Georgia,iko顧客受入日,2c92c0fb5ceb14d1015cedc78b9f2307,一般会員向け,2017-10-01
John,Doe,japan,Georgia,iko顧客受入日,2c92c0fb5ceb14d1015cedc78b9f2307,一般会員向け,2017-11-01
John,Doe,japan,Georgia,iko顧客受入日,2c92c0fb5ceb14d1015cedc78b9f2307,一般会員向け,2017-12-01
John,Doe,japan,Georgia,iko顧客受入日,2c92c0fb5ceb14d1015cedc78b9f2307,一般会員向け,2017-07-01
John,Doe,japan,Georgia,iko顧客受入日,2c92c0fb5ceb14d1015cedc78b9f2307,一般会員向け,2017-08-01
John,Doe,japan,Georgia,iko顧客受入日,2c92c0fb5ceb14d1015cedc78b9f2307,一般会員向け,2017-09-01
John,Doe,japan,Georgia,iko顧客受入日,2c92c0fb5ceb14d1015cedc78b9f2307,一般会員向け,2017-10-01
John,Doe,japan,Georgia,iko顧客受入日,2c92c0fb5ceb14d1015cedc78b9f2307,一般会員向け,2017-11-01
John,Doe,japan,Georgia,iko顧客受入日,2c92c0fb5ceb14d1015cedc78b9f2307,一般会員向け,2017-12-01
John,Doe,japan,Georgia,iko顧客受入日,2c92c0fb5ceb14d1015cedc78b9f2307,一般会員向け,2017-07-01
John,Doe,japan,Georgia,iko顧客受入日,2c92c0fb5ceb14d1015cedc78b9f2307,一般会員向け,2017-08-01
John,Doe,japan,Georgia,iko顧客受入日,2c92c0fb5ceb14d1015cedc78b9f2307,一般会員向け,2017-09-01
John,Doe,japan,Georgia,iko顧客受入日,2c92c0fb5ceb14d1015cedc78b9f2307,一般会員向け,2017-10-01
John,Doe,japan,Georgia,iko顧客受入日,2c92c0fb5ceb14d1015cedc78b9f2307,一般会員向け,2017-07-01
John,Doe,japan,Georgia,iko顧客受入日,2c92c0fb5ceb14d1015cedc78b9f2307,一般会員向け,2017-08-01
John,Doe,japan,Georgia,iko顧客受入日,2c92c0fb5ceb14d1015cedc78b9f2307,一般会員向け,2017-09-01
John,Doe,japan,Georgia,iko顧客受入日,2c92c0fb5ceb14d1015cedc78b9f2307,一般会員向け,2017-10-01
John,Doe,japan,Georgia,iko顧客受入日,2c92c0fb5ceb14d1015cedc78b9f2307,一般会員向け,2017-11-01
John,Doe,japan,Georgia,iko顧客受入日,2c92c0fb5ceb14d1015cedc78b9f2307,一般会員向け,2017-12-01
John,Doe,japan,Georgia,iko顧客受入日,2c92c0fb5ceb14d1015cedc78b9f2307,一般会員向け,2017-07-01
John,Doe,japan,Georgia,iko顧客受入日,2c92c0fb5ceb14d1015cedc78b9f2307,一般会員向け,2017-08-01
John,Doe,japan,Georgia,iko顧客受入日,2c92c0fb5ceb14d1015cedc78b9f2307,一般会員向け,2017-09-01
John,Doe,japan,Georgia,iko顧客受入日,2c92c0fb5ceb14d1015cedc78b9f2307,一般会員向け,2017-10-01
John,Doe,japan,Georgia,iko顧客受入日,2c92c0fb5ceb14d1015cedc78b9f2307,一般会員向け,2017-11-01
John,Doe,japan,Georgia,iko顧客受入日,2c92c0fb5ceb14d1015cedc78b9f2307,一般会員向け,2017-12-01
John,Doe,japan,Georgia,iko顧客受入日,2c92c0fb5ceb14d1015cedc78b9f2307,一般会員向け,2017-07-01
John,Doe,japan,Georgia,iko顧客受入日,2c92c0fb5ceb14d1015cedc78b9f2307,一般会員向け,2017-08-01
John,Doe,japan,Georgia,iko顧客受入日,2c92c0fb5ceb14d1015cedc78b9f2307,一般会員向け,2017-09-01
John,Doe,japan,Georgia,iko顧客受入日,2c92c0fb5ceb14d1015cedc78b9f2307,一般会員向け,2017-10-01
John,Doe,japan,Georgia,iko顧客受入日,2c92c0fb5ceb14d1015cedc78b9f2307,一般会員向け,2017-11-01
John,Doe,japan,Georgia,iko顧客受入日,2c92c0fb5ceb14d1015cedc78b9f2307,一般会員向け,2017-12-01
John,Doe,japan,Georgia,iko顧客受入日,2c92c0fb5ceb14d1015cedc78b9f2307,一般会員向け,2017-07-01
John,Doe,japan,Georgia,iko顧客受入日,2c92c0fb5ceb14d1015cedc78b9f2307,一般会員向け,2017-08-01
John,Doe,japan,Georgia,iko顧客受入日,2c92c0fb5ceb14d1015cedc78b9f2307,一般会員向け,2017-09-01
John,Doe,japan,Georgia,iko顧客受入日,2c92c0fb5ceb14d1015cedc78b9f2307,一般会員向け,2017-10-01
John,Doe,japan,Georgia,iko顧客受入日,2c92c0fb5ceb14d1015cedc78b9f2307,一般会員向け,2017-11-01
John,Doe,japan,Georgia,iko顧客受入日,2c92c0fb5ceb14d1015cedc78b9f2307,一般会員向け,2017-12-01
John,Doe,japan,Georgia,iko顧客受入日,2c92c0fb5ceb14d1015cedc78b9f2307,一般会員向け,2017-07-01
John,Doe,japan,Georgia,iko顧客受入日,2c92c0fb5ceb14d1015cedc78b9f2307,一般会員向け,2017-08-01
John,Doe,japan,Georgia,iko顧客受入日,2c92c0fb5ceb14d1015cedc78b9f2307,一般会員向け,2017-09-01
John,Doe,japan,Georgia,iko顧客受入日,2c92c0fb5ceb14d1015cedc78b9f2307,一般会員向け,2017-10-01
John,Doe,japan,Georgia,iko顧客受入日,2c92c0fb5ceb14d1015cedc78b9f2307,一般会員向け,2017-11-01
John,Doe,japan,Georgia,iko顧客受入日,2c92c0fb5ceb14d1015cedc78b9f2307,一般会員向け,2017-12-01
John,Doe,japan,Georgia,iko顧客受入日,2c92c0fb5ceb14d1015cedc78b9f2307,一般会員向け,2017-07-01
John,Doe,japan,Georgia,iko顧客受入日,2c92c0fb5ceb14d1015cedc78b9f2307,一般会員向け,2017-08-01
John,Doe,japan,Georgia,iko顧客受入日,2c92c0fb5ceb14d1015cedc78b9f2307,一般会員向け,2017-09-01
John,Doe,japan,Georgia,iko顧客受入日,2c92c0fb5ceb14d1015cedc78b9f2307,一般会員向け,2017-10-01
John,Doe,japan,Georgia,iko顧客受入日,2c92c0fb5ceb14d1015cedc78b9f2307,一般会員向け,2017-11-01
John,Doe,japan,Georgia,iko顧客受入日,2c92c0fb5ceb14d1015cedc78b9f2307,一般会員向け,2017-12-01
John,Doe,japan,Georgia,iko顧客受入日,2c92c0fb5ceb14d1015cedc78b9f2307,一般会員向け,2017-07-01
John,Doe,japan,Georgia,iko顧客受入日,2c92c0fb5ceb14d1015cedc78b9f2307,一般会員向け,2017-08-01
John,Doe,japan,Georgia,iko顧客受入日,2c92c0fb5ceb14d1015cedc78b9f2307,一般会員向け,2017-09-01
John,Doe,japan,Georgia,iko顧客受入日,2c92c0fb5ceb14d1015cedc78b9f2307,一般会員向け,2017-10-01
John,Doe,japan,Georgia,iko顧客受入日,2c92c0fb5ceb14d1015cedc78b9f2307,一般会員向け,2017-11-01
John,Doe,japan,Georgia,iko顧客受入日,2c92c0fb5ceb14d1015cedc78b9f2307,一般会員向け,2017-12-01
John,Doe,japan,Georgia,iko顧客受入日,2c92c0fb5ceb14d1015cedc78b9f2307,一般会員向け,2017-07-01
John,Doe,japan,Georgia,iko顧客受入日,2c92c0fb5ceb14d1015cedc78b9f2307,一般会員向け,2017-08-01
John,Doe,japan,Georgia,iko顧客受入日,2c92c0fb5ceb14d1015cedc78b9f2307,一般会員向け,2017-09-01
John,Doe,japan,Georgia,iko顧客受入日,2c92c0fb5ceb14d1015cedc78b9f2307,一般会員向け,2017-10-01
John,Doe,japan,Georgia,iko顧客受入日,2c92c0fb5ceb14d1015cedc78b9f2307,一般会員向け,2017-11-01
John,Doe,japan,Georgia,iko顧客受入日,2c92c0fb5ceb14d1015cedc78b9f2307,一般会員向け,2017-12-01
John,Doe,japan,Georgia,iko顧客受入日,2c92c0fb5ceb14d1015cedc78b9f2307,一般会員向け,2017-07-01
John,Doe,japan,Georgia,iko顧客受入日,2c92c0fb5ceb14d1015cedc78b9f2307,一般会員向け,2017-08-01
John,Doe,japan,Georgia,iko顧客受入日,2c92c0fb5ceb14d1015cedc78b9f2307,一般会員向け,2017-09-01
John,Doe,japan,Georgia,iko顧客受入日,2c92c0fb5ceb14d1015cedc78b9f2307,一般会員向け,2017-10-01
John,Doe,japan,Georgia,iko顧客受入日,2c92c0fb5ceb14d1015cedc78b9f2307,一般会員向け,2017-11-01
John,Doe,japan,Georgia,iko顧客受入日,2c92c0fb5ceb14d1015cedc78b9f2307,一般会員向け,2017-12-01
John,Doe,japan,Georgia,iko顧客受入日,2c92c0fb5ceb14d1015cedc78b9f2307,一般会員向け,2017-07-01
John,Doe,japan,Georgia,iko顧客受入日,2c92c0fb5ceb14d1015cedc78b9f2307,一般会員向け,2017-08-01
John,Doe,japan,Georgia,iko顧客受入日,2c92c0fb5ceb14d1015cedc78b9f2307,一般会員向け,2017-09-01
John,Doe,japan,Georgia,iko顧客受入日,2c92c0fb5ceb14d1015cedc78b9f2307,一般会員向け,2017-10-01
John,Doe,japan,Georgia,iko顧客受入日,2c92c0fb5ceb14d1015cedc78b9f2307,一般会員向け,2017-11-01
John,Doe,japan,Georgia,iko顧客受入日,2c92c0fb5ceb14d1015cedc78b9f2307,一般会員向け,2017-12-01
John,Doe,japan,Georgia,iko顧客受入日,2c92c0fb5ceb14d1015cedc78b9f2307,一般会員向け,2017-07-01
John,Doe,japan,Georgia,iko顧客受入日,2c92c0fb5ceb14d1015cedc78b9f2307,一般会員向け,2017-08-01
John,Doe,japan,Georgia,iko顧客受入日,2c92c0fb5ceb14d1015cedc78b9f2307,一般会員向け,2017-09-01
John,Doe,japan,Georgia,iko顧客受入日,2c92c0fb5ceb14d1015cedc78b9f2307,一般会員向け,2017-10-01
John,Doe,japan,Georgia,iko顧客受入日,2c92c0fb5ceb14d1015cedc78b9f2307,一般会員向け,2017-11-01
John,Doe,japan,Georgia,iko顧客受入日,2c92c0fb5ceb14d1015cedc78b9f2307,一般会員向け,2017-12-01
John,Doe,japan,Georgia,iko顧客受入日,2c92c0fb5ceb14d1015cedc78b9f2307,一般会員向け,2017-07-01
John,Doe,japan,Georgia,iko顧客受入日,2c92c0fb5ceb14d1015cedc78b9f2307,一般会員向け,2017-08-01
John,Doe,japan,Georgia,iko顧客受入日,2c92c0fb5ceb14d1015cedc78b9f2307,一般会員向け,2017-09-01
John,Doe,japan,Georgia,iko顧客受入日,2c92c0fb5ceb14d1015cedc78b9f2307,一般会員向け,2017-10-01
John,Doe,japan,Georgia,iko顧客受入日,2c92c0fb5ceb14d1015cedc78b9f2307,一般会員向け,2017-11-01
John,Doe,japan,Georgia,iko顧客受入日,2c92c0fb5ceb14d1015cedc78b9f2307,一般会員向け,2017-12-01
John,Doe,japan,Georgia,iko顧客受入日,2c92c0fb5ceb14d1015cedc78b9f2307,一般会員向け,2017-07-01
John,Doe,japan,Georgia,iko顧客受入日,2c92c0fb5ceb14d1015cedc78b9f2307,一般会員向け,2017-08-01
John,Doe,japan,Georgia,iko顧客受入日,2c92c0fb5ceb14d1015cedc78b9f2307,一般会員向け,2017-09-01
John,Doe,japan,Georgia,iko顧客受入日,2c92c0fb5ceb14d1015cedc78b9f2307,一般会員向け,2017-10-01
John,Doe,japan,Georgia,iko顧客受入日,2c92c0fb5ceb14d1015cedc78b9f2307,一般会員向け,2017-11-01
John,Doe,japan,Georgia,iko顧客受入日,2c92c0fb5ceb14d1015cedc78b9f2307,一般会員向け,2017-12-01
John,Doe,japan,Georgia,iko顧客受入日,2c92c0fb5ceb14d1015cedc78b9f2307,一般会員向け,2017-07-01
John,Doe,japan,Georgia,iko顧客受入日,2c92c0fb5ceb14d1015cedc78b9f2307,一般会員向け,2017-08-01
John,Doe,japan,Georgia,iko顧客受入日,2c92c0fb5ceb14d1015cedc78b9f2307,一般会員向け,2017-09-01
John,Doe,japan,Georgia,iko顧客受入日,2c92c0fb5ceb14d1015cedc78b9f2307,一般会員向け,2017-10-01
John,Doe,japan,Georgia,iko顧客受入日,2c92c0fb5ceb14d1015cedc78b9f2307,一般会員向け,2017-11-01
John,Doe,japan,Georgia,iko顧客受入日,2c92c0fb5ceb14d1015cedc78b9f2307,一般会員向け,2017-12-01
John,Doe,japan,Georgia,iko顧客受入日,2c92c0fb5ceb14d1015cedc78b9f2307,一般会員向け,2017-07-01
John,Doe,japan,Georgia,iko顧客受入日,2c92c0fb5ceb14d1015cedc78b9f2307,一般会員向け,2017-08-01
John,Doe,japan,Georgia,iko顧客受入日,2c92c0fb5ceb14d1015cedc78b9f2307,一般会員向け,2017-09-01
John,Doe,japan,Georgia,iko顧客受入日,2c92c0fb5ceb14d1015cedc78b9f2307,一般会員向け,2017-10-01
John,Doe,japan,Georgia,iko顧客受入日,2c92c0fb5ceb14d1015cedc78b9f2307,一般会員向け,2017-11-01
John,Doe,japan,Georgia,iko顧客受入日,2c92c0fb5ceb14d1015cedc78b9f2307,一般会員向け,2017-12-01
John,Doe,japan,Georgia,iko顧客受入日,2c92c0fb5ceb14d1015cedc78b9f2307,一般会員向け,2017-07-01
John,Doe,japan,Georgia,iko顧客受入日,2c92c0fb5ceb14d1015cedc78b9f2307,一般会員向け,2017-08-01
John,Doe,japan,Georgia,iko顧客受入日,2c92c0fb5ceb14d1015cedc78b9f2307,一般会員向け,2017-09-01
John,Doe,japan,Georgia,iko顧客受入日,2c92c0fb5ceb14d1015cedc78b9f2307,一般会員向け,2017-10-01
John,Doe,japan,Georgia,iko顧客受入日,2c92c0fb5ceb14d1015cedc78b9f2307,一般会員向け,2017-11-01
John,Doe,japan,Georgia,iko顧客受入日,2c92c0fb5ceb14d1015cedc78b9f2307,一般会員向け,2017-12-01
John,Doe,japan,Georgia,iko顧客受入日,2c92c0fb5ceb14d1015cedc78b9f2307,一般会員向け,2017-07-01
John,Doe,japan,Georgia,iko顧客受入日,2c92c0fb5ceb14d1015cedc78b9f2307,一般会員向け,2017-08-01
John,Doe,japan,Georgia,iko顧客受入日,2c92c0fb5ceb14d1015cedc78b9f2307,一般会員向け,2017-09-01
John,Doe,japan,Georgia,iko顧客受入日,2c92c0fb5ceb14d1015cedc78b9f2307,一般会員向け,2017-10-01
